{"type":"FeatureCollection","features":[{"type":"Feature","properties":{"district":1,"member":"Eunisses Hernandez"},"geometry":{"type":"Polygon","coordinates":[[[-118.27055,34.04555],[-118.26422,34.04944],[-118.25936,34.05253],[-118.25845,34.05338],[-118.25708,34.05504],[-118.25554,34.0567],[-118.25402,34.05819],[-118.24892,34.06264],[-118.24696,34.06035],[-118.24634,34.05975],[-118.2452,34.05875],[-118.24312,34.05732],[-118.24211,34.05795],[-118.24116,34.05906],[-118.23955,34.05827],[-118.23785,34.05825],[-118.23525,34.06131],[-118.23421,34.06156],[-118.23314,34.06161],[-118.23238,34.06052],[-118.23293,34.05949],[-118.23224,34.05882],[-118.23198,34.05836],[-118.23178,34.05731],[-118.23195,34.05663],[-118.22958,34.05589],[-118.22709,34.05493],[-118.22625,34.05593],[-118.22692,34.06163],[-118.22672,34.06242],[-118.22453,34.06761],[-118.22185,34.06692],[-118.21893,34.06596],[-118.21153,34.06602],[-118.21173,34.0737],[-118.20909,34.07374],[-118.20915,34.07665],[-118.20785,34.07666],[-118.20786,34.07678],[-118.20734,34.07733],[-118.20652,34.07681],[-118.20602,34.07735],[-118.20607,34.07794],[-118.20672,34.07796],[-118.20689,34.07832],[-118.20729,34.07835],[-118.20767,34.07858],[-118.20742,34.07871],[-118.20714,34.07857],[-118.20592,34.07848],[-118.20544,34.07798],[-118.20547,34.07919],[-118.20405,34.07921],[-118.20408,34.08047],[-118.20289,34.08049],[-118.20295,34.08267],[-118.20055,34.08275],[-118.2002,34.08453],[-118.19759,34.08492],[-118.19581,34.08499],[-118.19286,34.08592],[-118.19292,34.09104],[-118.19115,34.09111],[-118.19118,34.0929],[-118.19051,34.09293],[-118.19069,34.09333],[-118.19091,34.09488],[-118.19033,34.09489],[-118.18999,34.09769],[-118.18947,34.09852],[-118.19072,34.09851],[-118.18976,34.10082],[-118.19094,34.10117],[-118.18928,34.10339],[-118.18937,34.10345],[-118.18935,34.10394],[-118.1912,34.10397],[-118.18716,34.1069],[-118.18618,34.10778],[-118.18692,34.10863],[-118.18759,34.10923],[-118.18912,34.1114],[-118.18844,34.11174],[-118.18941,34.11311],[-118.18842,34.11343],[-118.18863,34.1139],[-118.18857,34.114],[-118.18588,34.11483],[-118.18537,34.11532],[-118.18499,34.11505],[-118.18409,34.11525],[-118.18461,34.11549],[-118.18493,34.11584],[-118.18516,34.11565],[-118.18554,34.11608],[-118.18561,34.11604],[-118.1857,34.11616],[-118.18563,34.11619],[-118.18639,34.11697],[-118.18662,34.11685],[-118.18681,34.11707],[-118.18705,34.11696],[-118.18744,34.11751],[-118.1883,34.11709],[-118.18871,34.11767],[-118.18928,34.11739],[-118.18967,34.11795],[-118.19019,34.11769],[-118.1981,34.11905],[-118.19918,34.11927],[-118.19919,34.1196],[-118.19977,34.1196],[-118.19977,34.11965],[-118.2121,34.122],[-118.21232,34.12193],[-118.21269,34.122],[-118.21266,34.12207],[-118.21283,34.1221],[-118.21291,34.12181],[-118.21307,34.12184],[-118.21298,34.12215],[-118.21417,34.12245],[-118.2142,34.12234],[-118.21435,34.12237],[-118.21443,34.1221],[-118.21459,34.12213],[-118.21455,34.12245],[-118.21483,34.12248],[-118.21491,34.12219],[-118.21517,34.12224],[-118.21511,34.12246],[-118.21521,34.12248],[-118.21535,34.1225],[-118.21541,34.12229],[-118.21588,34.12238],[-118.21579,34.12271],[-118.21605,34.12275],[-118.21633,34.12248],[-118.21748,34.1227],[-118.2174,34.12301],[-118.21836,34.1232],[-118.21864,34.12292],[-118.22072,34.12332],[-118.22059,34.12363],[-118.22123,34.12375],[-118.2207,34.12413],[-118.22115,34.12428],[-118.22202,34.12509],[-118.22223,34.1252],[-118.22298,34.12499],[-118.22571,34.12363],[-118.22632,34.12357],[-118.22683,34.12381],[-118.2278,34.12494],[-118.22837,34.1252],[-118.22857,34.12394],[-118.22891,34.12298],[-118.22923,34.12236],[-118.22991,34.12138],[-118.23067,34.12057],[-118.23128,34.12008],[-118.23239,34.11938],[-118.23503,34.11802],[-118.23492,34.11788],[-118.23955,34.11551],[-118.24271,34.11411],[-118.24811,34.11069],[-118.249,34.1097],[-118.2495,34.10861],[-118.24801,34.10837],[-118.24543,34.10757],[-118.2442,34.10686],[-118.24324,34.10591],[-118.2427,34.10502],[-118.24238,34.10398],[-118.24233,34.10331],[-118.24241,34.10045],[-118.24225,34.09958],[-118.24188,34.09886],[-118.23971,34.09581],[-118.23869,34.09495],[-118.23736,34.09429],[-118.23628,34.094],[-118.23368,34.09363],[-118.23217,34.09307],[-118.23142,34.09261],[-118.23083,34.09212],[-118.22925,34.09025],[-118.22871,34.08934],[-118.22836,34.08827],[-118.22738,34.08147],[-118.22782,34.08181],[-118.22798,34.08306],[-118.2292,34.08368],[-118.23226,34.08584],[-118.23654,34.0884],[-118.23765,34.08918],[-118.23822,34.08827],[-118.24049,34.08924],[-118.24122,34.08779],[-118.24309,34.08612],[-118.2429,34.08588],[-118.24293,34.08577],[-118.2433,34.08562],[-118.24366,34.08526],[-118.24375,34.08463],[-118.24408,34.08436],[-118.24406,34.08382],[-118.24432,34.0834],[-118.24414,34.08269],[-118.24489,34.08242],[-118.24491,34.08193],[-118.24524,34.08166],[-118.24524,34.08148],[-118.24498,34.08143],[-118.24403,34.08185],[-118.24339,34.08293],[-118.24289,34.08342],[-118.24181,34.08372],[-118.24134,34.08376],[-118.24134,34.08366],[-118.24196,34.0828],[-118.24204,34.08214],[-118.24266,34.08111],[-118.24251,34.08071],[-118.24324,34.08012],[-118.24402,34.07892],[-118.24738,34.08036],[-118.24756,34.0806],[-118.24803,34.08081],[-118.24861,34.07972],[-118.24897,34.07856],[-118.24892,34.07732],[-118.24951,34.07764],[-118.25044,34.07846],[-118.25116,34.07867],[-118.25108,34.07849],[-118.25066,34.07826],[-118.25026,34.07762],[-118.24994,34.07731],[-118.24995,34.07692],[-118.25047,34.07676],[-118.25063,34.07656],[-118.25064,34.07643],[-118.25025,34.07566],[-118.24985,34.07515],[-118.24984,34.07442],[-118.2495,34.07417],[-118.24896,34.07343],[-118.24915,34.07342],[-118.24975,34.07389],[-118.25002,34.07389],[-118.25024,34.07372],[-118.25174,34.07433],[-118.25174,34.0744],[-118.25207,34.07455],[-118.25231,34.0745],[-118.25278,34.07478],[-118.25735,34.07676],[-118.25965,34.07311],[-118.26002,34.07127],[-118.25959,34.06983],[-118.25805,34.06916],[-118.25896,34.06776],[-118.26087,34.06814],[-118.25989,34.06436],[-118.25966,34.06201],[-118.25944,34.06178],[-118.26058,34.0622],[-118.26065,34.06233],[-118.26376,34.06373],[-118.26428,34.06333],[-118.26593,34.06408],[-118.26562,34.06457],[-118.27031,34.06668],[-118.27268,34.06297],[-118.27344,34.06312],[-118.27421,34.06347],[-118.27508,34.06431],[-118.27797,34.06557],[-118.27927,34.06651],[-118.28325,34.06819],[-118.28583,34.06899],[-118.2879,34.06898],[-118.28789,34.06818],[-118.2886,34.06818],[-118.28847,34.06678],[-118.28926,34.0671],[-118.28996,34.06702],[-118.28994,34.06518],[-118.28568,34.0652],[-118.28567,34.06372],[-118.28422,34.06371],[-118.28231,34.06287],[-118.28421,34.05995],[-118.28422,34.06081],[-118.28784,34.06079],[-118.28783,34.05979],[-118.29111,34.05978],[-118.29111,34.05924],[-118.29127,34.05924],[-118.29126,34.05817],[-118.29134,34.05817],[-118.29134,34.05786],[-118.29117,34.05762],[-118.29117,34.05689],[-118.29106,34.05672],[-118.29107,34.05544],[-118.29123,34.05544],[-118.29123,34.05507],[-118.291,34.05499],[-118.29099,34.05242],[-118.29162,34.05254],[-118.29162,34.05092],[-118.29999,34.05088],[-118.29998,34.04723],[-118.30028,34.04659],[-118.3003,34.04429],[-118.30069,34.04299],[-118.30076,34.04248],[-118.30073,34.04126],[-118.30034,34.03979],[-118.30028,34.03716],[-118.29156,34.03706],[-118.29156,34.03684],[-118.28675,34.03679],[-118.28502,34.03688],[-118.28402,34.03704],[-118.28398,34.0317],[-118.2747,34.02757],[-118.27449,34.02849],[-118.27447,34.02921],[-118.27471,34.03269],[-118.27467,34.03416],[-118.27376,34.04051],[-118.27346,34.04169],[-118.27298,34.04286],[-118.27191,34.04433],[-118.27055,34.04555]]]}},{"type":"Feature","properties":{"district":2,"member":"Adrin Nazarian"},"geometry":{"type":"Polygon","coordinates":[[[-118.33733,34.22104],[-118.33959,34.22097],[-118.33981,34.22458],[-118.34419,34.22451],[-118.3444,34.22813],[-118.35303,34.22848],[-118.36534,34.22871],[-118.36181,34.22497],[-118.35923,34.22239],[-118.35969,34.22158],[-118.36093,34.22181],[-118.36656,34.22212],[-118.36904,34.21907],[-118.36693,34.21763],[-118.36828,34.21626],[-118.36833,34.2157],[-118.37035,34.2157],[-118.37034,34.20844],[-118.39653,34.20847],[-118.39653,34.22165],[-118.42263,34.22167],[-118.42469,34.21429],[-118.42674,34.20735],[-118.4487,34.2117],[-118.4487,34.21054],[-118.44878,34.21028],[-118.44877,34.2012],[-118.44,34.2012],[-118.44,34.19394],[-118.44655,34.19393],[-118.44654,34.18766],[-118.43999,34.18766],[-118.43998,34.17213],[-118.41371,34.17214],[-118.41236,34.16229],[-118.41199,34.1613],[-118.41125,34.16024],[-118.41052,34.15955],[-118.40927,34.15882],[-118.40815,34.15844],[-118.40566,34.15785],[-118.40421,34.15714],[-118.39893,34.15284],[-118.39786,34.15218],[-118.39685,34.15168],[-118.39533,34.15115],[-118.39358,34.15072],[-118.39275,34.15037],[-118.38773,34.15037],[-118.38772,34.1452],[-118.38762,34.14453],[-118.38761,34.14261],[-118.38695,34.14198],[-118.38614,34.1415],[-118.38343,34.14062],[-118.3824,34.1405],[-118.38146,34.14053],[-118.38072,34.14066],[-118.37715,34.14156],[-118.37642,34.14189],[-118.37469,34.14296],[-118.37382,34.14328],[-118.37142,34.14373],[-118.36748,34.14361],[-118.36644,34.14133],[-118.3655,34.13991],[-118.36488,34.13936],[-118.36285,34.13785],[-118.36217,34.13901],[-118.36205,34.13897],[-118.36082,34.14111],[-118.36079,34.14207],[-118.36116,34.14275],[-118.35942,34.14271],[-118.35941,34.14311],[-118.3569,34.14317],[-118.35385,34.14299],[-118.35092,34.14253],[-118.34751,34.14214],[-118.34505,34.14245],[-118.35312,34.16129],[-118.35716,34.16129],[-118.35717,34.16484],[-118.35467,34.16491],[-118.35777,34.17217],[-118.36116,34.19466],[-118.37016,34.19635],[-118.37016,34.20101],[-118.37009,34.20106],[-118.36596,34.20106],[-118.36596,34.20113],[-118.36214,34.20113],[-118.36301,34.20686],[-118.33994,34.20651],[-118.33982,34.2112],[-118.33958,34.21131],[-118.33775,34.21128],[-118.33772,34.21259],[-118.33604,34.21431],[-118.33643,34.21457],[-118.33523,34.21539],[-118.33456,34.21562],[-118.33733,34.22104]]]}},{"type":"Feature","properties":{"district":3,"member":"Bob Blumenfield"},"geometry":{"type":"Polygon","coordinates":[[[-118.5492,34.22053],[-118.56231,34.22034],[-118.56231,34.22823],[-118.57106,34.22822],[-118.57106,34.23185],[-118.5803,34.23184],[-118.58084,34.23193],[-118.58144,34.23224],[-118.58182,34.23272],[-118.58192,34.23312],[-118.58194,34.23426],[-118.58212,34.23474],[-118.58252,34.23515],[-118.58307,34.2354],[-118.58358,34.23547],[-118.6051,34.23545],[-118.60375,34.23324],[-118.603,34.23144],[-118.60284,34.23149],[-118.60265,34.23088],[-118.60262,34.23029],[-118.6028,34.22957],[-118.60322,34.22887],[-118.60368,34.22843],[-118.60512,34.22749],[-118.60553,34.22699],[-118.60583,34.22638],[-118.60592,34.22582],[-118.60592,34.22093],[-118.60608,34.22093],[-118.60608,34.21966],[-118.61473,34.21953],[-118.61464,34.18646],[-118.63555,34.18642],[-118.64409,34.18664],[-118.64534,34.18648],[-118.65447,34.18463],[-118.65516,34.1846],[-118.65644,34.1847],[-118.65716,34.18463],[-118.65778,34.18444],[-118.65893,34.18393],[-118.65995,34.18376],[-118.66237,34.18402],[-118.66486,34.18393],[-118.66818,34.18494],[-118.66817,34.17676],[-118.6586,34.17675],[-118.6586,34.17606],[-118.65921,34.17574],[-118.65861,34.17568],[-118.65864,34.16944],[-118.65428,34.16943],[-118.65429,34.16573],[-118.64555,34.1657],[-118.64556,34.16199],[-118.64199,34.16198],[-118.63975,34.15909],[-118.63996,34.15916],[-118.64002,34.15901],[-118.63996,34.15889],[-118.64029,34.15868],[-118.64128,34.15832],[-118.64128,34.15679],[-118.6399,34.15725],[-118.63992,34.1573],[-118.63984,34.15727],[-118.63858,34.1577],[-118.63217,34.15053],[-118.63126,34.15109],[-118.63027,34.15039],[-118.63009,34.14984],[-118.62982,34.1499],[-118.629,34.14728],[-118.61498,34.14728],[-118.61499,34.14927],[-118.565,34.13026],[-118.5647,34.13062],[-118.56481,34.13112],[-118.56403,34.13115],[-118.56399,34.131],[-118.56367,34.13077],[-118.56215,34.13043],[-118.5611,34.13038],[-118.56089,34.13033],[-118.56054,34.13008],[-118.56006,34.13003],[-118.55993,34.12993],[-118.55985,34.12939],[-118.55905,34.12842],[-118.55802,34.12775],[-118.55792,34.12758],[-118.55785,34.12713],[-118.55762,34.1268],[-118.55738,34.12661],[-118.55679,34.1265],[-118.55662,34.12657],[-118.55608,34.1272],[-118.55598,34.12804],[-118.55586,34.12818],[-118.55559,34.12822],[-118.55517,34.12804],[-118.55463,34.12802],[-118.55442,34.12811],[-118.55409,34.12857],[-118.5539,34.12867],[-118.55367,34.12852],[-118.55363,34.12825],[-118.55415,34.12778],[-118.55427,34.12743],[-118.55477,34.12712],[-118.55484,34.12691],[-118.55479,34.12674],[-118.5546,34.12653],[-118.55357,34.12604],[-118.55223,34.12598],[-118.5516,34.12632],[-118.55007,34.12628],[-118.5495,34.12644],[-118.54816,34.12584],[-118.54791,34.12583],[-118.54622,34.12608],[-118.54524,34.12659],[-118.54442,34.12655],[-118.54271,34.1272],[-118.54207,34.12755],[-118.54181,34.12787],[-118.54173,34.12881],[-118.54152,34.12903],[-118.54005,34.1296],[-118.5396,34.12965],[-118.53932,34.1298],[-118.53934,34.13011],[-118.53956,34.13053],[-118.53962,34.13088],[-118.53943,34.13116],[-118.53781,34.13117],[-118.53763,34.13105],[-118.53737,34.13064],[-118.5374,34.13314],[-118.53159,34.13326],[-118.5316,34.1448],[-118.5321,34.14554],[-118.53233,34.14612],[-118.53243,34.14604],[-118.53281,34.14661],[-118.5332,34.147],[-118.53161,34.147],[-118.53161,34.1513],[-118.53141,34.15127],[-118.531,34.15076],[-118.5303,34.15086],[-118.52724,34.15865],[-118.52731,34.18661],[-118.5291,34.18661],[-118.53167,34.18808],[-118.53168,34.19023],[-118.53498,34.19023],[-118.53604,34.1905],[-118.53722,34.19056],[-118.53722,34.19213],[-118.53685,34.19213],[-118.53686,34.19325],[-118.53859,34.19319],[-118.5386,34.1993],[-118.52733,34.19931],[-118.52734,34.20477],[-118.53666,34.20476],[-118.53667,34.20839],[-118.54049,34.20839],[-118.54045,34.21565],[-118.54918,34.21563],[-118.5492,34.22053]]]}},{"type":"Feature","properties":{"district":4,"member":"Nithya Raman"},"geometry":{"type":"Polygon","coordinates":[[[-118.51851,34.18299],[-118.51862,34.22099],[-118.5492,34.22053],[-118.54918,34.21563],[-118.54045,34.21565],[-118.54049,34.20839],[-118.53667,34.20839],[-118.53666,34.20476],[-118.52734,34.20477],[-118.52733,34.19931],[-118.5386,34.1993],[-118.53859,34.19319],[-118.53686,34.19325],[-118.53685,34.19213],[-118.53722,34.19213],[-118.53722,34.19056],[-118.53604,34.1905],[-118.53498,34.19023],[-118.53168,34.19023],[-118.53167,34.18808],[-118.5291,34.18661],[-118.52731,34.18661],[-118.52724,34.15865],[-118.5303,34.15086],[-118.531,34.15076],[-118.53141,34.15127],[-118.53161,34.1513],[-118.53161,34.147],[-118.5332,34.147],[-118.53281,34.14661],[-118.53243,34.14604],[-118.53233,34.14612],[-118.5321,34.14554],[-118.5316,34.1448],[-118.53159,34.13326],[-118.5374,34.13314],[-118.53737,34.13064],[-118.53722,34.13056],[-118.53681,34.13054],[-118.5364,34.13031],[-118.5361,34.1303],[-118.53576,34.13062],[-118.53558,34.13114],[-118.53496,34.13162],[-118.53477,34.13165],[-118.53454,34.13142],[-118.53449,34.13017],[-118.53409,34.12991],[-118.53376,34.12986],[-118.53347,34.12994],[-118.53327,34.13056],[-118.53292,34.13093],[-118.53267,34.13096],[-118.53252,34.13078],[-118.53216,34.12984],[-118.53188,34.12965],[-118.53125,34.12966],[-118.53086,34.12946],[-118.5301,34.12946],[-118.52933,34.12928],[-118.52835,34.12893],[-118.52804,34.12889],[-118.52758,34.12901],[-118.52714,34.12894],[-118.52629,34.12856],[-118.52545,34.1285],[-118.52479,34.12865],[-118.52307,34.12842],[-118.52183,34.128],[-118.52156,34.12809],[-118.52073,34.12875],[-118.5204,34.12881],[-118.51966,34.12876],[-118.51887,34.12908],[-118.51796,34.12882],[-118.51677,34.12895],[-118.51627,34.1288],[-118.51425,34.12903],[-118.51301,34.12904],[-118.51275,34.12912],[-118.51246,34.12938],[-118.51181,34.12952],[-118.51115,34.12985],[-118.5109,34.13005],[-118.51068,34.13047],[-118.51042,34.13063],[-118.50953,34.13067],[-118.50906,34.13082],[-118.5088,34.13105],[-118.50853,34.13113],[-118.50791,34.13072],[-118.50771,34.13044],[-118.5073,34.13027],[-118.50721,34.12981],[-118.50687,34.1293],[-118.50604,34.12889],[-118.50544,34.1288],[-118.50506,34.12863],[-118.5049,34.12852],[-118.50443,34.12785],[-118.5039,34.12769],[-118.50312,34.12796],[-118.50285,34.12821],[-118.5028,34.12851],[-118.50306,34.12901],[-118.50306,34.12929],[-118.50253,34.13035],[-118.50234,34.13049],[-118.50202,34.13043],[-118.50191,34.13021],[-118.502,34.13004],[-118.50246,34.12974],[-118.50251,34.12952],[-118.50243,34.12933],[-118.50214,34.12917],[-118.50117,34.12903],[-118.50087,34.1291],[-118.49985,34.12976],[-118.4992,34.12978],[-118.49846,34.13011],[-118.49771,34.13019],[-118.49725,34.13054],[-118.49696,34.13065],[-118.49646,34.13061],[-118.49618,34.13045],[-118.49583,34.13009],[-118.49529,34.12995],[-118.49428,34.13021],[-118.49282,34.1311],[-118.49243,34.13113],[-118.49149,34.13094],[-118.49089,34.13119],[-118.49059,34.13122],[-118.49026,34.13109],[-118.48996,34.13064],[-118.48965,34.13036],[-118.48901,34.13014],[-118.48477,34.12994],[-118.48405,34.13043],[-118.48289,34.13063],[-118.48253,34.13062],[-118.48211,34.13049],[-118.48114,34.13],[-118.47995,34.12963],[-118.47956,34.12937],[-118.47927,34.12887],[-118.47916,34.12739],[-118.479,34.12696],[-118.47874,34.12664],[-118.47841,34.12641],[-118.47759,34.1262],[-118.4746,34.12645],[-118.47387,34.12669],[-118.47331,34.12715],[-118.47151,34.12963],[-118.47118,34.1299],[-118.47077,34.13008],[-118.46979,34.13028],[-118.46897,34.12959],[-118.46818,34.12958],[-118.46749,34.12938],[-118.46721,34.12945],[-118.46681,34.12969],[-118.46634,34.1298],[-118.4656,34.13022],[-118.46447,34.13007],[-118.46414,34.13012],[-118.46356,34.13055],[-118.46328,34.13094],[-118.46292,34.13109],[-118.46263,34.13107],[-118.46161,34.13076],[-118.46111,34.13044],[-118.46082,34.13034],[-118.46049,34.13035],[-118.45998,34.13049],[-118.45919,34.13051],[-118.45879,34.13063],[-118.45841,34.13085],[-118.45774,34.13165],[-118.45703,34.13208],[-118.45634,34.13224],[-118.45591,34.13276],[-118.45549,34.13292],[-118.45463,34.13289],[-118.45387,34.13226],[-118.45314,34.13199],[-118.4514,34.13176],[-118.44953,34.13186],[-118.44924,34.13173],[-118.4487,34.13127],[-118.44634,34.13052],[-118.44335,34.13031],[-118.44297,34.13039],[-118.44191,34.13106],[-118.44121,34.13118],[-118.44065,34.13151],[-118.43943,34.13121],[-118.43917,34.13129],[-118.43889,34.13153],[-118.43844,34.1316],[-118.4357,34.13066],[-118.43505,34.13058],[-118.4346,34.13066],[-118.43422,34.13082],[-118.43341,34.13157],[-118.43284,34.13185],[-118.43176,34.13196],[-118.43127,34.13171],[-118.43102,34.13167],[-118.43029,34.13204],[-118.43004,34.13206],[-118.42978,34.13193],[-118.42963,34.13151],[-118.42934,34.13132],[-118.42861,34.13145],[-118.42809,34.13125],[-118.42741,34.13117],[-118.42678,34.13122],[-118.4262,34.13086],[-118.42465,34.13021],[-118.42404,34.13014],[-118.42316,34.13025],[-118.42294,34.13017],[-118.42264,34.12989],[-118.42235,34.1298],[-118.42171,34.12995],[-118.42144,34.12992],[-118.42118,34.12969],[-118.42081,34.1285],[-118.41942,34.12759],[-118.41809,34.12712],[-118.41681,34.12721],[-118.4166,34.12709],[-118.41625,34.12667],[-118.41542,34.12641],[-118.41495,34.12653],[-118.41459,34.12697],[-118.41451,34.12754],[-118.41408,34.12808],[-118.41407,34.12836],[-118.41422,34.12875],[-118.41402,34.12899],[-118.4132,34.12895],[-118.41296,34.12908],[-118.4126,34.12944],[-118.41219,34.12957],[-118.40896,34.1297],[-118.40753,34.12945],[-118.40722,34.12931],[-118.40698,34.12908],[-118.40667,34.12806],[-118.4062,34.12753],[-118.40587,34.12748],[-118.40545,34.12764],[-118.40493,34.12768],[-118.40432,34.12796],[-118.40393,34.12785],[-118.40383,34.12764],[-118.40388,34.1272],[-118.40336,34.12655],[-118.40331,34.12594],[-118.40302,34.12531],[-118.40227,34.12489],[-118.40193,34.12446],[-118.40089,34.12411],[-118.40066,34.12379],[-118.40021,34.12351],[-118.39996,34.12305],[-118.39955,34.12286],[-118.39903,34.12245],[-118.39889,34.12196],[-118.39878,34.1218],[-118.39814,34.12145],[-118.39807,34.12122],[-118.39822,34.12078],[-118.39812,34.12037],[-118.39818,34.11988],[-118.39806,34.11964],[-118.39758,34.11918],[-118.3972,34.11904],[-118.39624,34.11912],[-118.39522,34.11979],[-118.39441,34.12007],[-118.39378,34.11817],[-118.393,34.11858],[-118.39229,34.11821],[-118.39224,34.11809],[-118.39218,34.11374],[-118.39183,34.11374],[-118.39166,34.113],[-118.39186,34.11293],[-118.3916,34.11243],[-118.39115,34.11243],[-118.39059,34.10921],[-118.39113,34.10826],[-118.39137,34.10767],[-118.39133,34.10742],[-118.39191,34.10663],[-118.39233,34.10633],[-118.39228,34.10617],[-118.39211,34.10609],[-118.39208,34.10509],[-118.3921,34.09906],[-118.3926,34.09867],[-118.39257,34.0985],[-118.39542,34.09618],[-118.39652,34.09619],[-118.39652,34.09507],[-118.39617,34.09517],[-118.39609,34.09504],[-118.39593,34.09502],[-118.39586,34.09106],[-118.38605,34.09104],[-118.38606,34.09247],[-118.3859,34.09277],[-118.38575,34.09288],[-118.38569,34.09277],[-118.38546,34.09277],[-118.38546,34.09318],[-118.38502,34.09318],[-118.38498,34.09356],[-118.38439,34.09356],[-118.38439,34.09373],[-118.38338,34.09373],[-118.38338,34.09333],[-118.3812,34.09333],[-118.38119,34.09211],[-118.37921,34.09301],[-118.37659,34.09475],[-118.37259,34.09569],[-118.37165,34.0964],[-118.36991,34.09716],[-118.36875,34.09798],[-118.36821,34.09798],[-118.36818,34.09709],[-118.36735,34.0971],[-118.36735,34.09688],[-118.36673,34.09689],[-118.36673,34.09711],[-118.36447,34.09714],[-118.36448,34.09801],[-118.36429,34.09802],[-118.3643,34.10128],[-118.36136,34.10133],[-118.36014,34.10162],[-118.35953,34.1017],[-118.35188,34.10165],[-118.35189,34.10118],[-118.35137,34.10117],[-118.35137,34.10074],[-118.35092,34.10073],[-118.35101,34.09802],[-118.34596,34.09798],[-118.34596,34.09745],[-118.34575,34.09745],[-118.34575,34.09719],[-118.3452,34.09718],[-118.34521,34.09798],[-118.34413,34.09797],[-118.34588,34.10369],[-118.34524,34.10394],[-118.34428,34.10412],[-118.33838,34.10414],[-118.3377,34.10457],[-118.33753,34.10486],[-118.33748,34.10518],[-118.32932,34.10526],[-118.32793,34.10546],[-118.32644,34.1052],[-118.31504,34.10527],[-118.31328,34.10538],[-118.30929,34.10539],[-118.30928,34.10264],[-118.3075,34.10265],[-118.30755,34.10218],[-118.30663,34.10227],[-118.30663,34.10245],[-118.30494,34.10249],[-118.30493,34.10211],[-118.3046,34.10211],[-118.30461,34.10244],[-118.30427,34.10244],[-118.30427,34.1025],[-118.30361,34.1025],[-118.30341,34.10214],[-118.30276,34.10216],[-118.30276,34.10209],[-118.30185,34.10209],[-118.30186,34.10221],[-118.30055,34.10226],[-118.30055,34.10176],[-118.29279,34.10174],[-118.29215,34.10148],[-118.28608,34.09749],[-118.28414,34.09582],[-118.27657,34.09578],[-118.27603,34.09566],[-118.27359,34.09781],[-118.2729,34.09878],[-118.2726,34.09976],[-118.27192,34.10593],[-118.27131,34.10598],[-118.27071,34.10638],[-118.27041,34.10682],[-118.27033,34.10745],[-118.27015,34.10756],[-118.26929,34.10733],[-118.26877,34.10693],[-118.26813,34.10525],[-118.26656,34.10525],[-118.26655,34.09632],[-118.2664,34.09591],[-118.26602,34.09563],[-118.26092,34.10037],[-118.26015,34.10069],[-118.25923,34.10073],[-118.25921,34.10448],[-118.25726,34.10541],[-118.25586,34.10657],[-118.26279,34.11016],[-118.26641,34.11264],[-118.26607,34.11281],[-118.26539,34.11371],[-118.26703,34.11551],[-118.26826,34.11741],[-118.27034,34.12169],[-118.27264,34.1274],[-118.27862,34.14824],[-118.27881,34.14918],[-118.27934,34.15321],[-118.279,34.15321],[-118.27933,34.1551],[-118.28055,34.15635],[-118.28268,34.15678],[-118.28797,34.15567],[-118.29146,34.15571],[-118.29548,34.1588],[-118.29743,34.15888],[-118.29884,34.15761],[-118.30435,34.15884],[-118.30726,34.16096],[-118.30874,34.16144],[-118.30966,34.16126],[-118.31033,34.16077],[-118.31233,34.15497],[-118.31292,34.154],[-118.31583,34.15446],[-118.31769,34.15632],[-118.32212,34.15573],[-118.32573,34.15326],[-118.32904,34.15019],[-118.33008,34.14975],[-118.33104,34.14832],[-118.33665,34.1465],[-118.33882,34.14523],[-118.34,34.1456],[-118.34087,34.14551],[-118.34233,34.14482],[-118.34513,34.14264],[-118.34324,34.13822],[-118.34383,34.13805],[-118.34404,34.13785],[-118.34444,34.13681],[-118.34423,34.13607],[-118.34559,34.13511],[-118.34587,34.13468],[-118.34658,34.13465],[-118.3465,34.13436],[-118.34673,34.1342],[-118.34673,34.1339],[-118.34769,34.13361],[-118.34779,34.13347],[-118.34747,34.13315],[-118.34847,34.13289],[-118.34867,34.13247],[-118.34842,34.13199],[-118.34879,34.13139],[-118.34903,34.13159],[-118.34977,34.13251],[-118.35065,34.13315],[-118.35112,34.13367],[-118.35159,34.13398],[-118.35163,34.13413],[-118.35203,34.13421],[-118.35213,34.13413],[-118.35237,34.13415],[-118.35294,34.13403],[-118.35347,34.13404],[-118.35486,34.13436],[-118.35707,34.13508],[-118.35701,34.13544],[-118.35726,34.13622],[-118.35761,34.13671],[-118.35761,34.1371],[-118.35784,34.13763],[-118.35781,34.13799],[-118.35888,34.13805],[-118.35883,34.13865],[-118.35819,34.13855],[-118.35762,34.13818],[-118.35736,34.13834],[-118.357,34.13908],[-118.35737,34.1393],[-118.35824,34.13949],[-118.35828,34.13935],[-118.35983,34.13935],[-118.35983,34.13873],[-118.36142,34.13875],[-118.36217,34.13901],[-118.36285,34.13785],[-118.36488,34.13936],[-118.3655,34.13991],[-118.36644,34.14133],[-118.36748,34.14361],[-118.37142,34.14373],[-118.37382,34.14328],[-118.37469,34.14296],[-118.37642,34.14189],[-118.37715,34.14156],[-118.38072,34.14066],[-118.38146,34.14053],[-118.3825,34.1405],[-118.38352,34.14064],[-118.38575,34.14134],[-118.3864,34.14162],[-118.38708,34.14208],[-118.38761,34.14261],[-118.38762,34.14453],[-118.38772,34.1452],[-118.38773,34.15037],[-118.39275,34.15037],[-118.39358,34.15072],[-118.39533,34.15115],[-118.39685,34.15168],[-118.39786,34.15218],[-118.39893,34.15284],[-118.40421,34.15714],[-118.40566,34.15785],[-118.40815,34.15844],[-118.40927,34.15882],[-118.41052,34.15955],[-118.41125,34.16024],[-118.41199,34.1613],[-118.41236,34.16229],[-118.41371,34.17214],[-118.43998,34.17213],[-118.43999,34.1794],[-118.46966,34.17939],[-118.4689,34.17831],[-118.46848,34.17757],[-118.46804,34.17652],[-118.46782,34.17573],[-118.46763,34.17433],[-118.46753,34.17095],[-118.46766,34.17005],[-118.46794,34.16924],[-118.46898,34.16741],[-118.46941,34.16627],[-118.4695,34.16561],[-118.46948,34.161],[-118.47048,34.16178],[-118.47228,34.16385],[-118.47297,34.16444],[-118.47389,34.16491],[-118.47518,34.1653],[-118.47625,34.16546],[-118.47704,34.16549],[-118.49067,34.16528],[-118.49237,34.16551],[-118.49237,34.16702],[-118.49353,34.16716],[-118.49465,34.16747],[-118.49559,34.16788],[-118.49644,34.16841],[-118.49703,34.1689],[-118.49771,34.16965],[-118.49838,34.17078],[-118.49868,34.17148],[-118.49895,34.17182],[-118.49927,34.17203],[-118.49971,34.17222],[-118.50547,34.17224],[-118.50548,34.18024],[-118.51582,34.18015],[-118.51581,34.183],[-118.51851,34.18299]]]}},{"type":"Feature","properties":{"district":5,"member":"Katy Yaroslavsky"},"geometry":{"type":"Polygon","coordinates":[[[-118.3916,34.11243],[-118.39186,34.11293],[-118.39166,34.113],[-118.39183,34.11374],[-118.39218,34.11374],[-118.39224,34.11809],[-118.39229,34.11821],[-118.393,34.11858],[-118.39378,34.11817],[-118.39441,34.12007],[-118.39522,34.11979],[-118.39624,34.11912],[-118.3972,34.11904],[-118.39758,34.11918],[-118.39806,34.11964],[-118.39818,34.11988],[-118.39812,34.12037],[-118.39822,34.12078],[-118.39807,34.12122],[-118.39814,34.12145],[-118.39878,34.1218],[-118.39889,34.12196],[-118.39903,34.12245],[-118.39955,34.12286],[-118.39996,34.12305],[-118.40021,34.12351],[-118.40066,34.12379],[-118.40089,34.12411],[-118.40193,34.12446],[-118.40227,34.12489],[-118.40302,34.12531],[-118.40331,34.12594],[-118.40336,34.12655],[-118.40388,34.1272],[-118.40383,34.12764],[-118.40393,34.12785],[-118.40432,34.12796],[-118.40493,34.12768],[-118.40545,34.12764],[-118.40587,34.12748],[-118.4062,34.12753],[-118.40667,34.12806],[-118.407,34.1291],[-118.40726,34.12934],[-118.40761,34.12948],[-118.40898,34.1297],[-118.41219,34.12957],[-118.4126,34.12944],[-118.41296,34.12908],[-118.4132,34.12895],[-118.41403,34.12899],[-118.41422,34.12875],[-118.41407,34.12836],[-118.41408,34.12808],[-118.41451,34.12754],[-118.41459,34.12697],[-118.41495,34.12653],[-118.41542,34.12641],[-118.41625,34.12667],[-118.4166,34.12709],[-118.41681,34.12721],[-118.41809,34.12712],[-118.41942,34.12759],[-118.42081,34.1285],[-118.42118,34.12969],[-118.42144,34.12992],[-118.42171,34.12995],[-118.42235,34.1298],[-118.42264,34.12989],[-118.42294,34.13017],[-118.42316,34.13025],[-118.42404,34.13014],[-118.42465,34.13021],[-118.4262,34.13086],[-118.42678,34.13122],[-118.42741,34.13117],[-118.42809,34.13125],[-118.42861,34.13145],[-118.42934,34.13132],[-118.42963,34.13151],[-118.42978,34.13193],[-118.43004,34.13206],[-118.43029,34.13204],[-118.43102,34.13167],[-118.43127,34.13171],[-118.43176,34.13196],[-118.43284,34.13185],[-118.43341,34.13157],[-118.43422,34.13082],[-118.4346,34.13066],[-118.43505,34.13058],[-118.4357,34.13066],[-118.43844,34.1316],[-118.43889,34.13153],[-118.43917,34.13129],[-118.43943,34.13121],[-118.44065,34.13151],[-118.44121,34.13118],[-118.44191,34.13106],[-118.44297,34.13039],[-118.44335,34.13031],[-118.44634,34.13052],[-118.4487,34.13127],[-118.44924,34.13173],[-118.44953,34.13186],[-118.4514,34.13176],[-118.45314,34.13199],[-118.45387,34.13226],[-118.45463,34.13289],[-118.45549,34.13292],[-118.45591,34.13276],[-118.45634,34.13224],[-118.45703,34.13208],[-118.45774,34.13165],[-118.45841,34.13085],[-118.45879,34.13063],[-118.45919,34.13051],[-118.45998,34.13049],[-118.46049,34.13035],[-118.46082,34.13034],[-118.46111,34.13044],[-118.46161,34.13076],[-118.46263,34.13107],[-118.46292,34.13109],[-118.46328,34.13094],[-118.46356,34.13055],[-118.46414,34.13012],[-118.46447,34.13007],[-118.4656,34.13022],[-118.46634,34.1298],[-118.46681,34.12969],[-118.46721,34.12945],[-118.46749,34.12938],[-118.46818,34.12958],[-118.46897,34.12959],[-118.46979,34.13028],[-118.47077,34.13008],[-118.47118,34.1299],[-118.47151,34.12963],[-118.47331,34.12715],[-118.47387,34.12669],[-118.4746,34.12645],[-118.47748,34.1262],[-118.47831,34.12636],[-118.47888,34.12679],[-118.47915,34.12732],[-118.47925,34.12878],[-118.47933,34.12906],[-118.4797,34.12949],[-118.48053,34.12986],[-118.48024,34.12767],[-118.47967,34.12645],[-118.47862,34.12533],[-118.47847,34.12489],[-118.47846,34.12449],[-118.4787,34.12386],[-118.48091,34.12056],[-118.48256,34.11864],[-118.48268,34.11811],[-118.48258,34.11697],[-118.48285,34.1121],[-118.48283,34.1111],[-118.48268,34.11055],[-118.4824,34.11004],[-118.48049,34.10794],[-118.4795,34.10622],[-118.47876,34.10548],[-118.47803,34.10429],[-118.47778,34.10372],[-118.47769,34.10307],[-118.4778,34.10223],[-118.47895,34.09899],[-118.47899,34.09819],[-118.47882,34.09756],[-118.47859,34.09721],[-118.47804,34.09683],[-118.4772,34.09663],[-118.47659,34.09544],[-118.47545,34.08861],[-118.47525,34.08862],[-118.47461,34.08411],[-118.47425,34.08284],[-118.47383,34.0819],[-118.47313,34.08076],[-118.47249,34.07997],[-118.47031,34.07768],[-118.4651,34.07107],[-118.45808,34.06311],[-118.45551,34.06005],[-118.45508,34.0603],[-118.45953,34.06547],[-118.4548,34.06673],[-118.45465,34.06589],[-118.45423,34.06513],[-118.44579,34.05533],[-118.4491,34.05336],[-118.44833,34.05246],[-118.44911,34.052],[-118.44819,34.04958],[-118.4486,34.04933],[-118.44807,34.04847],[-118.44487,34.04471],[-118.44471,34.0448],[-118.44453,34.04434],[-118.43995,34.03899],[-118.43978,34.0391],[-118.43893,34.03766],[-118.43797,34.03555],[-118.43737,34.03465],[-118.43755,34.03462],[-118.4372,34.03418],[-118.43623,34.03328],[-118.43476,34.03227],[-118.4337,34.03133],[-118.43341,34.03125],[-118.43313,34.03097],[-118.41831,34.01217],[-118.40698,34.01861],[-118.40565,34.01689],[-118.40045,34.02],[-118.4013,34.02109],[-118.40062,34.02148],[-118.40049,34.0213],[-118.40056,34.02126],[-118.40026,34.02087],[-118.3995,34.0213],[-118.39911,34.02079],[-118.39749,34.02179],[-118.39836,34.02292],[-118.39577,34.02448],[-118.39556,34.02452],[-118.39433,34.02524],[-118.3943,34.0252],[-118.3941,34.02531],[-118.39407,34.02539],[-118.39421,34.02556],[-118.39395,34.02571],[-118.39381,34.02554],[-118.39346,34.02538],[-118.3929,34.02613],[-118.38777,34.02907],[-118.39042,34.03098],[-118.39093,34.03121],[-118.38966,34.03343],[-118.38934,34.03484],[-118.38608,34.04678],[-118.38312,34.04572],[-118.37683,34.04454],[-118.37613,34.0471],[-118.37614,34.05239],[-118.37238,34.05168],[-118.37209,34.05255],[-118.36792,34.05175],[-118.36773,34.05216],[-118.36722,34.05206],[-118.36437,34.05825],[-118.36247,34.05796],[-118.36115,34.05707],[-118.36098,34.05667],[-118.35924,34.05556],[-118.35098,34.05256],[-118.3491,34.05729],[-118.3339,34.05695],[-118.32792,34.05526],[-118.32297,34.05469],[-118.31862,34.05306],[-118.31694,34.05254],[-118.3164,34.0525],[-118.31288,34.05263],[-118.30962,34.05264],[-118.30965,34.05968],[-118.31303,34.05968],[-118.31358,34.05988],[-118.31436,34.05989],[-118.31436,34.06109],[-118.3142,34.0617],[-118.31789,34.0617],[-118.32654,34.0619],[-118.32661,34.08203],[-118.32703,34.08203],[-118.32698,34.08217],[-118.32661,34.08217],[-118.32661,34.08258],[-118.32672,34.08258],[-118.32652,34.08304],[-118.32662,34.08312],[-118.32661,34.08349],[-118.33097,34.08347],[-118.33097,34.0837],[-118.33306,34.0837],[-118.33323,34.0838],[-118.3347,34.08379],[-118.3347,34.08371],[-118.33574,34.0837],[-118.33574,34.08379],[-118.33843,34.08378],[-118.33913,34.0837],[-118.33923,34.08381],[-118.34406,34.0838],[-118.34407,34.0889],[-118.35281,34.08897],[-118.35281,34.08715],[-118.36281,34.0872],[-118.36282,34.08874],[-118.36328,34.08873],[-118.36328,34.08898],[-118.36645,34.08893],[-118.36644,34.08715],[-118.37032,34.08709],[-118.37032,34.08561],[-118.37099,34.0856],[-118.37099,34.08547],[-118.3725,34.08544],[-118.37251,34.09026],[-118.37309,34.09025],[-118.37328,34.09006],[-118.37414,34.08996],[-118.37434,34.08971],[-118.37477,34.0897],[-118.37477,34.08943],[-118.3752,34.08942],[-118.3754,34.08915],[-118.37577,34.08914],[-118.37577,34.089],[-118.3763,34.08899],[-118.37696,34.08863],[-118.37705,34.08304],[-118.37031,34.08316],[-118.37031,34.08017],[-118.37432,34.08017],[-118.37432,34.08194],[-118.37518,34.08194],[-118.37518,34.08016],[-118.37724,34.08014],[-118.37691,34.07897],[-118.37758,34.07875],[-118.37723,34.07818],[-118.37718,34.0766],[-118.37866,34.07661],[-118.37881,34.07639],[-118.37977,34.0764],[-118.38068,34.07671],[-118.3817,34.07672],[-118.38171,34.0764],[-118.39073,34.07651],[-118.39072,34.07212],[-118.38386,34.07213],[-118.38377,34.06969],[-118.37732,34.06971],[-118.37728,34.0694],[-118.37619,34.06941],[-118.3762,34.06958],[-118.37604,34.06958],[-118.37605,34.06981],[-118.37582,34.07006],[-118.37204,34.06387],[-118.37226,34.0622],[-118.37601,34.05997],[-118.37602,34.05962],[-118.37728,34.05953],[-118.37734,34.06296],[-118.38345,34.06294],[-118.38358,34.0571],[-118.39851,34.0571],[-118.39851,34.05704],[-118.39972,34.0571],[-118.39973,34.05704],[-118.40006,34.05686],[-118.40028,34.0571],[-118.40044,34.0571],[-118.4008,34.05687],[-118.40092,34.057],[-118.40076,34.0571],[-118.40128,34.0571],[-118.4016,34.05692],[-118.40169,34.05703],[-118.40157,34.0571],[-118.40189,34.0571],[-118.40228,34.05689],[-118.40238,34.057],[-118.40219,34.0571],[-118.40248,34.0571],[-118.40278,34.05689],[-118.40293,34.05705],[-118.40327,34.05684],[-118.40347,34.05694],[-118.40347,34.05703],[-118.40399,34.05703],[-118.40399,34.05711],[-118.40593,34.05711],[-118.40594,34.05484],[-118.40546,34.05487],[-118.4053,34.05441],[-118.40557,34.05432],[-118.40557,34.05415],[-118.40613,34.05415],[-118.40559,34.05297],[-118.40618,34.05275],[-118.41071,34.05908],[-118.41063,34.05912],[-118.41156,34.06043],[-118.41222,34.06011],[-118.41418,34.06285],[-118.41353,34.06317],[-118.41726,34.06839],[-118.41711,34.06857],[-118.41694,34.06854],[-118.41638,34.06884],[-118.41739,34.07021],[-118.41845,34.07231],[-118.41962,34.07259],[-118.42094,34.07543],[-118.42185,34.0751],[-118.42256,34.07528],[-118.4233,34.07569],[-118.42278,34.07705],[-118.42286,34.07718],[-118.42301,34.07719],[-118.42332,34.07761],[-118.42341,34.07824],[-118.42364,34.07877],[-118.42349,34.07882],[-118.42384,34.07975],[-118.42324,34.07993],[-118.4228,34.07994],[-118.42279,34.0831],[-118.42697,34.08305],[-118.42705,34.09064],[-118.42416,34.09064],[-118.42411,34.09045],[-118.42377,34.0904],[-118.4236,34.09051],[-118.42267,34.09065],[-118.4227,34.09428],[-118.41396,34.09427],[-118.41387,34.09405],[-118.41269,34.0929],[-118.41215,34.09255],[-118.41195,34.09226],[-118.41178,34.09226],[-118.41165,34.09311],[-118.41148,34.0935],[-118.40945,34.09486],[-118.4092,34.09554],[-118.40951,34.09614],[-118.40907,34.09658],[-118.4089,34.09712],[-118.40865,34.09715],[-118.40915,34.09768],[-118.40892,34.09811],[-118.40888,34.09857],[-118.4091,34.09902],[-118.409,34.09968],[-118.40917,34.10016],[-118.40885,34.10045],[-118.40868,34.10076],[-118.40864,34.10099],[-118.40871,34.10151],[-118.40542,34.10147],[-118.40533,34.09631],[-118.40243,34.09367],[-118.40205,34.09381],[-118.40169,34.09421],[-118.40157,34.09417],[-118.4014,34.09384],[-118.4009,34.094],[-118.40105,34.10875],[-118.39868,34.10876],[-118.40006,34.11092],[-118.39974,34.11104],[-118.3992,34.11147],[-118.39809,34.11147],[-118.39769,34.11157],[-118.39659,34.11164],[-118.3966,34.11242],[-118.3916,34.11243]],[[-118.41605,34.11251],[-118.41606,34.11229],[-118.41588,34.11197],[-118.41397,34.11199],[-118.41398,34.11073],[-118.4118,34.1107],[-118.41182,34.10889],[-118.40975,34.10886],[-118.40976,34.10516],[-118.41744,34.1052],[-118.41739,34.10572],[-118.41745,34.10572],[-118.41747,34.10638],[-118.41757,34.10676],[-118.4175,34.1125],[-118.41605,34.11251]],[[-118.35756,34.07571],[-118.35848,34.07571],[-118.35848,34.07598],[-118.35756,34.07599],[-118.35756,34.07571]]]}},{"type":"Feature","properties":{"district":6,"member":"Imelda Padilla"},"geometry":{"type":"Polygon","coordinates":[[[-118.36181,34.22497],[-118.36649,34.22993],[-118.36788,34.23914],[-118.36788,34.2398],[-118.36776,34.24044],[-118.36714,34.24181],[-118.36828,34.24178],[-118.36831,34.24201],[-118.36902,34.2415],[-118.3706,34.24299],[-118.36983,34.24355],[-118.37141,34.24504],[-118.37063,34.2456],[-118.37381,34.24857],[-118.37613,34.24688],[-118.3766,34.24733],[-118.37683,34.24716],[-118.37717,34.24748],[-118.3774,34.24731],[-118.3781,34.24797],[-118.37822,34.24776],[-118.37841,34.24775],[-118.37926,34.24855],[-118.37895,34.24878],[-118.37996,34.24975],[-118.37866,34.25175],[-118.37846,34.25219],[-118.37836,34.25276],[-118.37843,34.2543],[-118.37818,34.25506],[-118.38174,34.25575],[-118.38264,34.25451],[-118.38267,34.25435],[-118.38486,34.25642],[-118.38493,34.25637],[-118.39055,34.25747],[-118.41627,34.23868],[-118.43858,34.25983],[-118.44017,34.26159],[-118.44216,34.26465],[-118.44295,34.26352],[-118.44317,34.26294],[-118.44364,34.26273],[-118.45147,34.2524],[-118.4518,34.25184],[-118.45055,34.25062],[-118.45134,34.25005],[-118.45181,34.24994],[-118.45196,34.24853],[-118.4531,34.24601],[-118.45576,34.24316],[-118.45613,34.24259],[-118.4564,34.24178],[-118.45672,34.23983],[-118.45775,34.23547],[-118.46105,34.23549],[-118.46109,34.23186],[-118.473,34.23194],[-118.47311,34.22139],[-118.49256,34.22128],[-118.49344,34.2211],[-118.49432,34.22063],[-118.49911,34.22158],[-118.49894,34.2207],[-118.50086,34.22115],[-118.50149,34.22122],[-118.50989,34.22111],[-118.50988,34.20842],[-118.51861,34.20841],[-118.51851,34.18299],[-118.51581,34.183],[-118.51582,34.18015],[-118.50548,34.18024],[-118.50547,34.17224],[-118.49971,34.17222],[-118.49927,34.17203],[-118.49895,34.17182],[-118.49868,34.17148],[-118.49838,34.17078],[-118.49771,34.16965],[-118.49703,34.1689],[-118.49644,34.16841],[-118.49559,34.16788],[-118.49465,34.16747],[-118.49353,34.16716],[-118.49237,34.16702],[-118.49237,34.16551],[-118.49067,34.16528],[-118.47704,34.16549],[-118.47625,34.16546],[-118.47518,34.1653],[-118.47389,34.16491],[-118.47297,34.16444],[-118.47228,34.16385],[-118.47048,34.16178],[-118.46948,34.161],[-118.4695,34.16561],[-118.46941,34.16627],[-118.46898,34.16741],[-118.46794,34.16924],[-118.46766,34.17005],[-118.46753,34.17095],[-118.46763,34.17433],[-118.46782,34.17573],[-118.46804,34.17652],[-118.46848,34.17757],[-118.4689,34.17831],[-118.46966,34.17939],[-118.43999,34.1794],[-118.43999,34.18766],[-118.44654,34.18766],[-118.44655,34.19393],[-118.44,34.19394],[-118.44,34.2012],[-118.44877,34.2012],[-118.44878,34.21028],[-118.4487,34.21054],[-118.4487,34.2117],[-118.42674,34.20735],[-118.42469,34.21429],[-118.42263,34.22167],[-118.39653,34.22165],[-118.39653,34.20847],[-118.37034,34.20844],[-118.37035,34.2157],[-118.36833,34.2157],[-118.36828,34.21626],[-118.36693,34.21763],[-118.36904,34.21907],[-118.36656,34.22212],[-118.36093,34.22181],[-118.35969,34.22158],[-118.35923,34.22239],[-118.36181,34.22497]]]}},{"type":"Feature","properties":{"district":7,"member":"Monica Rodriguez"},"geometry":{"type":"Polygon","coordinates":[[[-118.33733,34.22104],[-118.33747,34.22132],[-118.26688,34.22185],[-118.26675,34.2408],[-118.26604,34.24036],[-118.26601,34.24394],[-118.2661,34.24777],[-118.2667,34.24778],[-118.26668,34.25078],[-118.26531,34.25027],[-118.26528,34.25238],[-118.25651,34.25227],[-118.2567,34.26719],[-118.24763,34.26724],[-118.23891,34.26709],[-118.2388,34.28159],[-118.27355,34.28167],[-118.27369,34.27807],[-118.28671,34.27834],[-118.2863,34.29265],[-118.29063,34.29272],[-118.29062,34.29323],[-118.29941,34.29326],[-118.29949,34.2861],[-118.32693,34.28607],[-118.32684,34.28244],[-118.35174,34.28248],[-118.35175,34.27884],[-118.35472,34.27885],[-118.36053,34.27997],[-118.36133,34.27973],[-118.36429,34.28077],[-118.36729,34.28059],[-118.36742,34.28037],[-118.36749,34.28042],[-118.36812,34.28206],[-118.36891,34.28326],[-118.36953,34.28347],[-118.37019,34.2819],[-118.37136,34.28235],[-118.37056,34.28356],[-118.37051,34.28444],[-118.3702,34.2855],[-118.36985,34.28613],[-118.37353,34.28615],[-118.37353,34.28317],[-118.37265,34.28284],[-118.37469,34.28283],[-118.37481,34.28366],[-118.37712,34.28337],[-118.38187,34.2839],[-118.38577,34.28482],[-118.38463,34.28818],[-118.38463,34.28974],[-118.38693,34.28974],[-118.38692,34.29154],[-118.38238,34.29153],[-118.38238,34.29333],[-118.38296,34.29333],[-118.38289,34.29696],[-118.3874,34.29697],[-118.38741,34.29879],[-118.39365,34.29879],[-118.39372,34.29698],[-118.39676,34.29699],[-118.397,34.29335],[-118.39983,34.29342],[-118.40027,34.29253],[-118.40064,34.29136],[-118.40092,34.29014],[-118.40083,34.28845],[-118.40116,34.28845],[-118.4016,34.28643],[-118.40618,34.28593],[-118.40941,34.28902],[-118.41031,34.29108],[-118.41036,34.29197],[-118.41023,34.29185],[-118.40897,34.29181],[-118.40908,34.29366],[-118.40352,34.29352],[-118.40347,34.29711],[-118.40122,34.29707],[-118.40106,34.30068],[-118.40561,34.30073],[-118.40547,34.30437],[-118.40548,34.30792],[-118.40376,34.30792],[-118.4037,34.30865],[-118.40358,34.30897],[-118.40413,34.30904],[-118.40389,34.31005],[-118.40334,34.31003],[-118.40309,34.30972],[-118.40303,34.30939],[-118.40249,34.30943],[-118.40246,34.30961],[-118.40195,34.30978],[-118.40185,34.30988],[-118.40093,34.30969],[-118.40075,34.31647],[-118.39968,34.31646],[-118.39831,34.31707],[-118.39757,34.31701],[-118.39654,34.31742],[-118.39654,34.31808],[-118.39629,34.31807],[-118.39627,34.31987],[-118.40067,34.31955],[-118.40273,34.3213],[-118.40492,34.32208],[-118.40521,34.32982],[-118.41359,34.32989],[-118.4136,34.32741],[-118.41246,34.3263],[-118.41222,34.32591],[-118.4136,34.32511],[-118.4136,34.32469],[-118.41436,34.3247],[-118.41436,34.32445],[-118.41591,34.32449],[-118.41906,34.32566],[-118.42076,34.32558],[-118.42075,34.32773],[-118.4197,34.32784],[-118.41947,34.32793],[-118.41823,34.3295],[-118.41867,34.32945],[-118.41902,34.32989],[-118.41947,34.32988],[-118.41948,34.32917],[-118.42,34.32917],[-118.41999,34.32988],[-118.44943,34.32996],[-118.47235,34.33012],[-118.48441,34.33028],[-118.49273,34.33063],[-118.50382,34.33731],[-118.50663,34.33519],[-118.50583,34.33447],[-118.5054,34.33393],[-118.50512,34.3334],[-118.50406,34.3302],[-118.50264,34.32749],[-118.50206,34.32482],[-118.5017,34.32392],[-118.49461,34.3199],[-118.49351,34.31914],[-118.49218,34.318],[-118.49149,34.31731],[-118.49063,34.31628],[-118.48559,34.30939],[-118.47902,34.30245],[-118.47417,34.29746],[-118.46778,34.29116],[-118.46768,34.29088],[-118.46741,34.28952],[-118.46746,34.28822],[-118.46873,34.28268],[-118.46948,34.27977],[-118.47,34.27807],[-118.47169,34.27331],[-118.47197,34.27179],[-118.47221,34.2488],[-118.47282,34.24556],[-118.473,34.23194],[-118.46109,34.23186],[-118.46105,34.23549],[-118.45775,34.23547],[-118.45672,34.23983],[-118.4564,34.24178],[-118.45613,34.24259],[-118.45576,34.24316],[-118.4531,34.24601],[-118.45196,34.24853],[-118.45181,34.24994],[-118.45134,34.25005],[-118.45055,34.25062],[-118.4518,34.25184],[-118.45147,34.2524],[-118.44364,34.26273],[-118.44317,34.26294],[-118.44295,34.26352],[-118.44216,34.26465],[-118.44017,34.26159],[-118.43858,34.25983],[-118.41627,34.23868],[-118.39055,34.25747],[-118.38493,34.25637],[-118.38486,34.25642],[-118.38267,34.25435],[-118.38264,34.25451],[-118.38174,34.25575],[-118.37818,34.25506],[-118.37843,34.2543],[-118.37836,34.25276],[-118.37846,34.25219],[-118.37866,34.25175],[-118.37996,34.24975],[-118.37895,34.24878],[-118.37926,34.24855],[-118.37841,34.24775],[-118.37822,34.24776],[-118.3781,34.24797],[-118.3774,34.24731],[-118.37717,34.24748],[-118.37683,34.24716],[-118.3766,34.24733],[-118.37613,34.24688],[-118.37381,34.24857],[-118.37063,34.2456],[-118.37141,34.24504],[-118.36983,34.24355],[-118.3706,34.24299],[-118.36902,34.2415],[-118.36831,34.24201],[-118.36828,34.24178],[-118.36714,34.24181],[-118.36776,34.24044],[-118.36788,34.2398],[-118.36788,34.23914],[-118.36649,34.22993],[-118.36534,34.22871],[-118.35303,34.22848],[-118.3444,34.22813],[-118.34419,34.22451],[-118.33981,34.22458],[-118.33959,34.22097],[-118.33733,34.22104]],[[-118.4356,34.27938],[-118.44382,34.27338],[-118.45602,34.28491],[-118.44945,34.2897],[-118.45001,34.29041],[-118.44919,34.29115],[-118.44541,34.2945],[-118.44471,34.29388],[-118.44358,34.29488],[-118.44349,34.29516],[-118.44256,34.29593],[-118.44248,34.29586],[-118.43258,34.30469],[-118.42933,34.30184],[-118.42141,34.29438],[-118.41857,34.29646],[-118.4158,34.29385],[-118.41864,34.29177],[-118.41714,34.29036],[-118.43066,34.2805],[-118.43062,34.28045],[-118.43251,34.27868],[-118.43381,34.27769],[-118.4356,34.27938]]]}},{"type":"Feature","properties":{"district":8,"member":"Marqueece Harris-Dawson"},"geometry":{"type":"Polygon","coordinates":[[[-118.29156,34.03706],[-118.309,34.03726],[-118.3089,34.02556],[-118.31765,34.02555],[-118.31767,34.01913],[-118.31771,34.01889],[-118.31825,34.01828],[-118.31822,34.00369],[-118.33195,34.00364],[-118.33347,34.00495],[-118.33457,34.0065],[-118.33498,34.00744],[-118.33511,34.0083],[-118.33511,34.01169],[-118.3349,34.01184],[-118.33489,34.01461],[-118.33609,34.01466],[-118.33704,34.0132],[-118.33911,34.01093],[-118.33998,34.01035],[-118.3411,34.01008],[-118.34206,34.00937],[-118.34261,34.00872],[-118.34363,34.00922],[-118.34493,34.01006],[-118.3496,34.01178],[-118.35019,34.01187],[-118.35165,34.01189],[-118.3518,34.01183],[-118.35199,34.01141],[-118.35409,34.01216],[-118.35562,34.01222],[-118.35608,34.01141],[-118.35727,34.01013],[-118.35752,34.00965],[-118.35764,34.00915],[-118.35781,34.00913],[-118.35772,34.00769],[-118.35777,34.00719],[-118.35937,34.00178],[-118.35938,34.00137],[-118.35928,34.00096],[-118.35868,33.99985],[-118.35844,33.99923],[-118.35812,33.99739],[-118.35774,33.99711],[-118.35723,33.99754],[-118.35699,33.99788],[-118.35662,33.99972],[-118.35642,34.00019],[-118.35613,34.00063],[-118.35562,34.00112],[-118.35431,34.00204],[-118.35216,34.00416],[-118.35139,34.00469],[-118.35051,34.005],[-118.34963,34.00511],[-118.34614,34.00463],[-118.34261,34.00463],[-118.34189,34.00471],[-118.34113,34.00496],[-118.33982,34.00576],[-118.33846,34.00633],[-118.33798,34.00665],[-118.3376,34.00703],[-118.33736,34.00693],[-118.33672,34.00765],[-118.33569,34.00811],[-118.33548,34.00708],[-118.335,34.00612],[-118.33381,34.00451],[-118.33228,34.00318],[-118.33196,34.00271],[-118.33172,34.00219],[-118.3315,34.0015],[-118.33151,33.99842],[-118.33164,33.99759],[-118.33164,33.99634],[-118.33729,33.99631],[-118.33727,33.98948],[-118.33779,33.98948],[-118.33778,33.98899],[-118.33728,33.98899],[-118.33728,33.9885],[-118.34249,33.98846],[-118.3425,33.98942],[-118.35269,33.98934],[-118.3527,33.98306],[-118.35848,33.98305],[-118.35861,33.98252],[-118.35855,33.98167],[-118.33529,33.98171],[-118.33532,33.9745],[-118.33522,33.9745],[-118.33522,33.9727],[-118.33308,33.97271],[-118.33308,33.96725],[-118.32659,33.96727],[-118.32658,33.97079],[-118.31774,33.97081],[-118.31775,33.94547],[-118.31338,33.94547],[-118.3134,33.93822],[-118.30904,33.93822],[-118.30903,33.94184],[-118.3052,33.94184],[-118.30519,33.94547],[-118.30247,33.94548],[-118.30241,33.95],[-118.30027,33.95],[-118.3003,33.9595],[-118.29161,33.9595],[-118.29168,33.9287],[-118.28083,33.92873],[-118.28058,33.931],[-118.27072,33.93104],[-118.26924,33.93119],[-118.26517,33.9325],[-118.26517,33.93231],[-118.25735,33.93485],[-118.2558,33.93518],[-118.25482,33.93525],[-118.25489,33.93607],[-118.25507,33.93652],[-118.25552,33.93697],[-118.25609,33.9374],[-118.257,33.93774],[-118.25869,33.93782],[-118.25869,33.9383],[-118.25418,33.93828],[-118.25412,33.94328],[-118.25365,33.94328],[-118.25355,33.95119],[-118.25388,33.95119],[-118.25404,33.95108],[-118.25405,33.95027],[-118.27171,33.95019],[-118.27168,33.9601],[-118.28072,33.96008],[-118.28073,33.96417],[-118.28094,33.96417],[-118.28093,33.97991],[-118.28075,33.98238],[-118.28632,33.98236],[-118.28791,33.98193],[-118.29015,33.98191],[-118.29068,33.98197],[-118.29149,33.98221],[-118.29149,33.98324],[-118.30026,33.98325],[-118.30017,33.99642],[-118.30019,34.01087],[-118.29155,34.01087],[-118.29155,34.0284],[-118.28883,34.02839],[-118.28883,34.03277],[-118.28644,34.03277],[-118.28398,34.0317],[-118.28402,34.03704],[-118.28502,34.03688],[-118.28675,34.03679],[-118.29156,34.03684],[-118.29156,34.03706]]]}},{"type":"Feature","properties":{"district":9,"member":"Curren D. Price Jr."},"geometry":{"type":"Polygon","coordinates":[[[-118.23972,34.0148],[-118.23965,34.01529],[-118.23968,34.01755],[-118.23954,34.01998],[-118.24324,34.02069],[-118.24368,34.02071],[-118.24423,34.0209],[-118.25056,34.02444],[-118.26469,34.031],[-118.27033,34.03353],[-118.27083,34.03384],[-118.26948,34.03595],[-118.27056,34.03671],[-118.26803,34.04066],[-118.26393,34.04501],[-118.26594,34.04549],[-118.2687,34.04671],[-118.27055,34.04555],[-118.27191,34.04433],[-118.27298,34.04286],[-118.27346,34.04169],[-118.27376,34.04051],[-118.27467,34.03416],[-118.27471,34.03269],[-118.27447,34.02921],[-118.27449,34.02849],[-118.2747,34.02757],[-118.28644,34.03277],[-118.28883,34.03277],[-118.28883,34.02839],[-118.29155,34.0284],[-118.29155,34.01087],[-118.30019,34.01087],[-118.30017,33.99642],[-118.30026,33.98325],[-118.29149,33.98324],[-118.29149,33.98221],[-118.29068,33.98197],[-118.29015,33.98191],[-118.28791,33.98193],[-118.28632,33.98236],[-118.28075,33.98238],[-118.28093,33.97991],[-118.28094,33.96417],[-118.28073,33.96417],[-118.28072,33.96008],[-118.27168,33.9601],[-118.27171,33.95019],[-118.25405,33.95027],[-118.25404,33.95108],[-118.25411,33.95104],[-118.25594,33.95307],[-118.25591,33.96017],[-118.25627,33.96018],[-118.25632,33.9895],[-118.23794,33.9894],[-118.23955,34.00805],[-118.23972,34.0148]]]}},{"type":"Feature","properties":{"district":10,"member":"Heather Hutt"},"geometry":{"type":"Polygon","coordinates":[[[-118.2879,34.06898],[-118.28952,34.06907],[-118.29167,34.06906],[-118.2917,34.07633],[-118.30852,34.07626],[-118.30855,34.07989],[-118.30918,34.07988],[-118.30916,34.07625],[-118.30973,34.07625],[-118.30973,34.07602],[-118.31017,34.07601],[-118.31017,34.07587],[-118.30973,34.07587],[-118.30969,34.07114],[-118.30976,34.07106],[-118.30976,34.07089],[-118.31026,34.07089],[-118.31025,34.06911],[-118.30975,34.06907],[-118.30975,34.06897],[-118.30973,34.06352],[-118.31317,34.06352],[-118.31404,34.06332],[-118.31407,34.06222],[-118.31436,34.06093],[-118.31436,34.05989],[-118.31358,34.05988],[-118.31303,34.05968],[-118.30965,34.05968],[-118.30962,34.05264],[-118.31288,34.05263],[-118.3164,34.0525],[-118.31694,34.05254],[-118.31862,34.05306],[-118.32297,34.05469],[-118.32792,34.05526],[-118.3339,34.05695],[-118.3491,34.05729],[-118.35098,34.05256],[-118.35924,34.05556],[-118.36098,34.05667],[-118.36115,34.05707],[-118.36247,34.05796],[-118.36437,34.05825],[-118.36722,34.05206],[-118.36773,34.05216],[-118.36792,34.05175],[-118.37209,34.05255],[-118.37238,34.05168],[-118.37614,34.05239],[-118.37613,34.0471],[-118.37683,34.04454],[-118.38312,34.04572],[-118.38608,34.04678],[-118.38934,34.03484],[-118.38966,34.03343],[-118.39093,34.03121],[-118.39042,34.03098],[-118.38777,34.02907],[-118.38718,34.0294],[-118.38681,34.02913],[-118.38667,34.02921],[-118.38641,34.02891],[-118.38422,34.03022],[-118.37593,34.03242],[-118.36959,34.03508],[-118.37191,34.02993],[-118.37365,34.03043],[-118.37497,34.02957],[-118.37624,34.0286],[-118.37694,34.02698],[-118.3771,34.02624],[-118.37649,34.02592],[-118.37685,34.02385],[-118.37697,34.02375],[-118.37765,34.02227],[-118.37796,34.02205],[-118.37796,34.02139],[-118.38139,34.02085],[-118.38133,34.02058],[-118.3809,34.02013],[-118.37877,34.01873],[-118.37799,34.01802],[-118.37593,34.01809],[-118.3758,34.01852],[-118.37276,34.01836],[-118.37387,34.01627],[-118.37415,34.01514],[-118.37414,34.0145],[-118.374,34.01386],[-118.37319,34.01192],[-118.37287,34.01193],[-118.37266,34.01584],[-118.36673,34.01563],[-118.36718,34.00709],[-118.36686,34.00708],[-118.36624,34.00636],[-118.36504,34.00556],[-118.36266,34.00632],[-118.3626,34.00646],[-118.3621,34.00691],[-118.362,34.00718],[-118.36199,34.00749],[-118.3616,34.00758],[-118.36145,34.00771],[-118.36145,34.00834],[-118.35863,34.00906],[-118.35764,34.00915],[-118.35752,34.00965],[-118.35727,34.01013],[-118.35608,34.01141],[-118.35562,34.01222],[-118.35409,34.01216],[-118.35199,34.01141],[-118.3518,34.01183],[-118.35165,34.01189],[-118.35019,34.01187],[-118.3496,34.01178],[-118.34493,34.01006],[-118.34363,34.00922],[-118.34261,34.00872],[-118.34206,34.00937],[-118.3411,34.01008],[-118.33998,34.01035],[-118.33911,34.01093],[-118.33704,34.0132],[-118.33609,34.01466],[-118.33489,34.01461],[-118.3349,34.01184],[-118.33511,34.01169],[-118.33511,34.00837],[-118.33506,34.00779],[-118.33489,34.00716],[-118.33453,34.00643],[-118.33343,34.00491],[-118.33195,34.00364],[-118.31822,34.00369],[-118.31825,34.01828],[-118.31771,34.01889],[-118.31767,34.01913],[-118.31765,34.02555],[-118.3089,34.02556],[-118.309,34.03726],[-118.30028,34.03716],[-118.30034,34.03979],[-118.30073,34.04126],[-118.30076,34.04248],[-118.30069,34.04299],[-118.3003,34.04429],[-118.30028,34.04659],[-118.29998,34.04723],[-118.29999,34.05088],[-118.29162,34.05092],[-118.29162,34.05254],[-118.29099,34.05242],[-118.291,34.05499],[-118.29123,34.05507],[-118.29123,34.05544],[-118.29107,34.05544],[-118.29106,34.05672],[-118.29117,34.05689],[-118.29117,34.05762],[-118.29134,34.05786],[-118.29134,34.05817],[-118.29126,34.05817],[-118.29127,34.05924],[-118.29111,34.05924],[-118.29111,34.05978],[-118.28783,34.05979],[-118.28784,34.06079],[-118.28422,34.06081],[-118.28421,34.05995],[-118.28231,34.06287],[-118.28422,34.06371],[-118.28567,34.06372],[-118.28568,34.0652],[-118.28994,34.06518],[-118.28996,34.06702],[-118.28926,34.0671],[-118.28847,34.06678],[-118.2886,34.06818],[-118.28789,34.06818],[-118.2879,34.06898]]]}},{"type":"Feature","properties":{"district":11,"member":"Traci Park"},"geometry":{"type":"Polygon","coordinates":[[[-118.48053,34.12986],[-118.48114,34.13],[-118.48253,34.13062],[-118.48405,34.13043],[-118.48477,34.12994],[-118.48901,34.13014],[-118.48965,34.13036],[-118.48996,34.13064],[-118.49026,34.13109],[-118.49068,34.13123],[-118.49149,34.13094],[-118.49243,34.13113],[-118.49282,34.1311],[-118.49428,34.13021],[-118.49529,34.12995],[-118.49583,34.13009],[-118.49618,34.13045],[-118.49646,34.13061],[-118.49696,34.13065],[-118.49725,34.13054],[-118.49771,34.13019],[-118.49846,34.13011],[-118.4992,34.12978],[-118.49985,34.12976],[-118.50087,34.1291],[-118.50125,34.12903],[-118.50214,34.12917],[-118.50245,34.12937],[-118.50251,34.12958],[-118.50246,34.12974],[-118.502,34.13004],[-118.50191,34.13021],[-118.50202,34.13043],[-118.5023,34.1305],[-118.50253,34.13035],[-118.50306,34.12929],[-118.50306,34.12901],[-118.5028,34.12851],[-118.50285,34.12821],[-118.50312,34.12796],[-118.5039,34.12769],[-118.50443,34.12785],[-118.5049,34.12852],[-118.50506,34.12863],[-118.50544,34.1288],[-118.50604,34.12889],[-118.50687,34.1293],[-118.50721,34.12981],[-118.5073,34.13027],[-118.50771,34.13044],[-118.50791,34.13072],[-118.50853,34.13113],[-118.5088,34.13105],[-118.50906,34.13082],[-118.50953,34.13067],[-118.51042,34.13063],[-118.51068,34.13047],[-118.5109,34.13005],[-118.51115,34.12985],[-118.51181,34.12952],[-118.51246,34.12938],[-118.51275,34.12912],[-118.51301,34.12904],[-118.51425,34.12903],[-118.51627,34.1288],[-118.51677,34.12895],[-118.51796,34.12882],[-118.51887,34.12908],[-118.51966,34.12876],[-118.5204,34.12881],[-118.52073,34.12875],[-118.52156,34.12809],[-118.52183,34.128],[-118.52307,34.12842],[-118.52479,34.12865],[-118.52545,34.1285],[-118.52629,34.12856],[-118.52714,34.12894],[-118.52758,34.12901],[-118.52804,34.12889],[-118.52835,34.12893],[-118.52933,34.12928],[-118.5301,34.12946],[-118.53086,34.12946],[-118.53125,34.12966],[-118.53188,34.12965],[-118.53216,34.12984],[-118.53252,34.13078],[-118.53267,34.13096],[-118.53292,34.13093],[-118.53327,34.13056],[-118.53347,34.12994],[-118.53376,34.12986],[-118.53409,34.12991],[-118.53449,34.13017],[-118.53454,34.13142],[-118.53463,34.13158],[-118.53483,34.13165],[-118.53558,34.13114],[-118.53576,34.13062],[-118.53618,34.13027],[-118.53681,34.13054],[-118.53729,34.13059],[-118.53763,34.13105],[-118.53781,34.13117],[-118.53943,34.13116],[-118.53962,34.13088],[-118.53956,34.13053],[-118.53934,34.13011],[-118.53932,34.1298],[-118.5396,34.12965],[-118.53994,34.12964],[-118.54074,34.12929],[-118.54114,34.1292],[-118.54166,34.12894],[-118.54177,34.1286],[-118.54181,34.12787],[-118.54207,34.12755],[-118.54271,34.1272],[-118.54442,34.12655],[-118.54524,34.12659],[-118.54622,34.12608],[-118.5481,34.12583],[-118.5495,34.12644],[-118.55007,34.12628],[-118.5516,34.12632],[-118.552,34.12605],[-118.55242,34.12597],[-118.55357,34.12604],[-118.5546,34.12653],[-118.55479,34.12674],[-118.55483,34.12702],[-118.55464,34.12722],[-118.55427,34.12743],[-118.55415,34.12778],[-118.55363,34.12825],[-118.55367,34.12852],[-118.55383,34.12867],[-118.55409,34.12857],[-118.55442,34.12811],[-118.55463,34.12802],[-118.55517,34.12804],[-118.55559,34.12822],[-118.55586,34.12818],[-118.55598,34.12804],[-118.55608,34.1272],[-118.55662,34.12657],[-118.55679,34.1265],[-118.55738,34.12661],[-118.55762,34.1268],[-118.55785,34.12713],[-118.55792,34.12758],[-118.55802,34.12775],[-118.55905,34.12842],[-118.55985,34.12939],[-118.55993,34.12958],[-118.5599,34.12984],[-118.56001,34.13],[-118.56054,34.13008],[-118.56089,34.13033],[-118.5611,34.13038],[-118.56215,34.13043],[-118.56367,34.13077],[-118.56399,34.131],[-118.56403,34.13115],[-118.56481,34.13112],[-118.5647,34.13062],[-118.565,34.13026],[-118.56476,34.13017],[-118.59922,34.07434],[-118.57041,34.06935],[-118.57012,34.04712],[-118.56715,34.04156],[-118.56715,34.04139],[-118.56387,34.04088],[-118.56293,34.04066],[-118.56222,34.0404],[-118.55987,34.03929],[-118.55855,34.03884],[-118.55727,34.03814],[-118.55637,34.0379],[-118.55513,34.0378],[-118.55417,34.03789],[-118.55386,34.03797],[-118.5527,34.03862],[-118.54998,34.03911],[-118.54774,34.03901],[-118.54641,34.03877],[-118.545,34.0384],[-118.54134,34.03696],[-118.53727,34.03485],[-118.53493,34.03412],[-118.53244,34.03292],[-118.52996,34.03214],[-118.52779,34.0311],[-118.52616,34.03046],[-118.52443,34.02948],[-118.52279,34.0287],[-118.52096,34.02729],[-118.51758,34.02506],[-118.51525,34.02694],[-118.51488,34.02784],[-118.51381,34.02879],[-118.51273,34.02998],[-118.51158,34.03085],[-118.51134,34.03116],[-118.51083,34.03143],[-118.5095,34.03285],[-118.5086,34.03307],[-118.50881,34.03336],[-118.50872,34.03397],[-118.50823,34.03484],[-118.5077,34.03627],[-118.5081,34.0381],[-118.50823,34.0381],[-118.5082,34.03834],[-118.50827,34.03835],[-118.50813,34.03908],[-118.50836,34.03916],[-118.50834,34.03921],[-118.50811,34.03913],[-118.50756,34.04008],[-118.50661,34.04059],[-118.50459,34.0413],[-118.50398,34.04073],[-118.49542,34.04959],[-118.49487,34.05035],[-118.49465,34.05017],[-118.49449,34.05044],[-118.49455,34.05049],[-118.49443,34.05062],[-118.48383,34.04156],[-118.48007,34.04461],[-118.47998,34.04453],[-118.47976,34.04471],[-118.47966,34.04511],[-118.47948,34.04508],[-118.4793,34.04522],[-118.47915,34.04519],[-118.47903,34.04569],[-118.47845,34.04563],[-118.47837,34.04616],[-118.47776,34.04631],[-118.4772,34.04663],[-118.47439,34.04421],[-118.47429,34.04432],[-118.47373,34.04404],[-118.47129,34.04195],[-118.47153,34.04175],[-118.45932,34.03133],[-118.45773,34.03165],[-118.45717,34.02975],[-118.45305,34.02807],[-118.44353,34.01658],[-118.48002,33.99731],[-118.48145,33.99635],[-118.48169,33.99661],[-118.48336,33.99551],[-118.48209,33.99402],[-118.48033,33.99166],[-118.47908,33.99031],[-118.47861,33.98945],[-118.47803,33.98906],[-118.47724,33.98789],[-118.4766,33.98726],[-118.47638,33.98678],[-118.4761,33.98577],[-118.47582,33.98567],[-118.47486,33.98559],[-118.47405,33.98511],[-118.47212,33.98322],[-118.47153,33.98236],[-118.47082,33.98193],[-118.46927,33.98018],[-118.46597,33.97616],[-118.46464,33.97473],[-118.46199,33.97097],[-118.4601,33.96793],[-118.45983,33.96715],[-118.45967,33.9658],[-118.45978,33.96459],[-118.46006,33.96384],[-118.46036,33.96361],[-118.46197,33.96291],[-118.46201,33.96272],[-118.46187,33.96268],[-118.45981,33.96369],[-118.4584,33.96152],[-118.4604,33.96063],[-118.46045,33.96045],[-118.46024,33.96043],[-118.45821,33.96142],[-118.45754,33.9607],[-118.45684,33.96091],[-118.45552,33.96047],[-118.4547,33.96001],[-118.45416,33.95955],[-118.45364,33.95857],[-118.45242,33.95708],[-118.44928,33.95217],[-118.44847,33.95056],[-118.44871,33.95033],[-118.44871,33.9502],[-118.44825,33.95014],[-118.44807,33.94999],[-118.44423,33.94328],[-118.44168,33.94014],[-118.44009,33.93788],[-118.43875,33.9351],[-118.43853,33.93447],[-118.43731,33.93231],[-118.43658,33.93082],[-118.43533,33.92779],[-118.4352,33.92709],[-118.43429,33.92516],[-118.43369,33.92356],[-118.43348,33.92319],[-118.43321,33.92329],[-118.433,33.92323],[-118.43145,33.92045],[-118.43061,33.9192],[-118.43026,33.91843],[-118.43017,33.91766],[-118.42989,33.91708],[-118.43027,33.91682],[-118.42987,33.91676],[-118.42946,33.91632],[-118.42223,33.91633],[-118.42223,33.91996],[-118.4244,33.91996],[-118.42441,33.92177],[-118.42658,33.92177],[-118.42659,33.92359],[-118.42767,33.92359],[-118.42768,33.92721],[-118.42877,33.92721],[-118.42878,33.93082],[-118.42827,33.93083],[-118.42828,33.93089],[-118.42617,33.93116],[-118.42496,33.93122],[-118.40255,33.93126],[-118.40074,33.93115],[-118.39927,33.93098],[-118.39927,33.93088],[-118.37874,33.93091],[-118.37874,33.92901],[-118.36839,33.92903],[-118.36839,33.93084],[-118.37013,33.93084],[-118.37013,33.93453],[-118.37004,33.93453],[-118.37005,33.94075],[-118.37014,33.94075],[-118.37018,33.95259],[-118.37889,33.95256],[-118.37891,33.95801],[-118.37869,33.95807],[-118.37834,33.95901],[-118.37773,33.95996],[-118.37718,33.96055],[-118.37653,33.96107],[-118.37542,33.9617],[-118.37125,33.96337],[-118.37163,33.96686],[-118.37193,33.96739],[-118.37248,33.96718],[-118.37283,33.96765],[-118.37238,33.96799],[-118.37013,33.968],[-118.37016,33.98164],[-118.36694,33.98164],[-118.36674,33.9819],[-118.36626,33.98165],[-118.35855,33.98167],[-118.35861,33.98252],[-118.35848,33.98305],[-118.37182,33.98301],[-118.37182,33.97724],[-118.37721,33.97694],[-118.38032,33.97628],[-118.38527,33.97656],[-118.38596,33.97674],[-118.38604,33.97662],[-118.39766,33.98207],[-118.39758,33.98219],[-118.39847,33.98318],[-118.3949,33.98386],[-118.39878,33.98813],[-118.40134,33.98655],[-118.40615,33.98947],[-118.40516,33.99051],[-118.40789,33.99213],[-118.40753,33.99233],[-118.40713,33.99237],[-118.40656,33.99265],[-118.40623,33.99298],[-118.4059,33.99299],[-118.40551,33.99333],[-118.40497,33.99431],[-118.40506,33.99467],[-118.40412,33.9951],[-118.40283,33.99584],[-118.401,33.99913],[-118.40109,33.99985],[-118.40164,33.99992],[-118.40124,34.00042],[-118.40093,34.00095],[-118.40081,34.00143],[-118.40006,34.00142],[-118.39983,34.00162],[-118.3998,34.00183],[-118.40277,34.00349],[-118.4059,33.99924],[-118.40909,34.00122],[-118.40965,34.00049],[-118.41424,34.00344],[-118.41437,34.00367],[-118.41615,34.00045],[-118.41807,33.99921],[-118.41903,33.99804],[-118.41965,33.99763],[-118.42029,33.99746],[-118.42845,33.99656],[-118.4312,33.99638],[-118.43031,33.99032],[-118.42976,33.98987],[-118.43088,33.98933],[-118.43245,33.99153],[-118.4371,33.99532],[-118.44196,33.99289],[-118.44206,33.993],[-118.44696,33.99056],[-118.44723,33.99084],[-118.44717,33.99087],[-118.4484,33.99334],[-118.4447,33.99434],[-118.44429,33.99462],[-118.44436,33.99469],[-118.44339,33.99536],[-118.44247,33.9936],[-118.43575,33.99696],[-118.43553,33.99695],[-118.43038,33.99967],[-118.4307,34.00009],[-118.42833,34.00134],[-118.4259,33.99809],[-118.42051,33.99867],[-118.42024,33.99878],[-118.41919,34.00004],[-118.41818,34.00067],[-118.42109,34.00436],[-118.41736,34.00658],[-118.41938,34.00914],[-118.42007,34.00876],[-118.42138,34.01043],[-118.41831,34.01217],[-118.43313,34.03097],[-118.43341,34.03125],[-118.4337,34.03133],[-118.43476,34.03227],[-118.43658,34.03356],[-118.43747,34.03451],[-118.43755,34.03462],[-118.43737,34.03465],[-118.43797,34.03555],[-118.43893,34.03766],[-118.43978,34.0391],[-118.43995,34.03899],[-118.44021,34.03929],[-118.44453,34.04434],[-118.44471,34.0448],[-118.44487,34.04471],[-118.44783,34.04817],[-118.4486,34.04933],[-118.45229,34.04713],[-118.45409,34.04922],[-118.45659,34.04772],[-118.46797,34.06092],[-118.46891,34.06588],[-118.46674,34.06771],[-118.46535,34.06699],[-118.46321,34.06507],[-118.46283,34.06311],[-118.46111,34.06005],[-118.45879,34.05808],[-118.45551,34.06005],[-118.45808,34.06311],[-118.4651,34.07107],[-118.47031,34.07768],[-118.47263,34.08014],[-118.47348,34.08128],[-118.47425,34.08284],[-118.47461,34.08411],[-118.47525,34.08862],[-118.47545,34.08861],[-118.47659,34.09544],[-118.4772,34.09663],[-118.47804,34.09683],[-118.47859,34.09721],[-118.47882,34.09756],[-118.47899,34.09819],[-118.47895,34.09899],[-118.4778,34.10223],[-118.47769,34.10307],[-118.47778,34.10372],[-118.47803,34.10429],[-118.47876,34.10548],[-118.4795,34.10622],[-118.48049,34.10794],[-118.4824,34.11004],[-118.48268,34.11055],[-118.48283,34.1111],[-118.48285,34.1121],[-118.48258,34.11697],[-118.48268,34.11811],[-118.48256,34.11864],[-118.48091,34.12056],[-118.4787,34.12386],[-118.47846,34.12449],[-118.47847,34.12489],[-118.47862,34.12533],[-118.47967,34.12645],[-118.48024,34.12767],[-118.48053,34.12986]],[[-118.45487,33.98637],[-118.44863,33.98474],[-118.4415,33.98337],[-118.44033,33.982],[-118.43878,33.98048],[-118.43719,33.97917],[-118.43578,33.97817],[-118.43594,33.9781],[-118.43349,33.97642],[-118.43282,33.97576],[-118.43227,33.97502],[-118.45131,33.96424],[-118.45496,33.96967],[-118.45469,33.96979],[-118.45865,33.97511],[-118.46143,33.97836],[-118.46181,33.97828],[-118.46194,33.9792],[-118.46207,33.97956],[-118.4633,33.98101],[-118.45487,33.98637]],[[-118.41488,33.98425],[-118.41345,33.98511],[-118.40904,33.98134],[-118.40997,33.98093],[-118.41019,33.9813],[-118.41247,33.9803],[-118.41488,33.98425]]]}},{"type":"Feature","properties":{"district":12,"member":"John Lee"},"geometry":{"type":"Polygon","coordinates":[[[-118.47311,34.22139],[-118.47282,34.24556],[-118.47221,34.2488],[-118.47197,34.27179],[-118.47169,34.27331],[-118.47,34.27807],[-118.46948,34.27977],[-118.46873,34.28268],[-118.46746,34.28822],[-118.46741,34.28952],[-118.46768,34.29088],[-118.46778,34.29116],[-118.47417,34.29746],[-118.47902,34.30245],[-118.48559,34.30939],[-118.49063,34.31628],[-118.49149,34.31731],[-118.49218,34.318],[-118.49351,34.31914],[-118.49461,34.3199],[-118.5017,34.32392],[-118.50206,34.32482],[-118.50264,34.32749],[-118.50406,34.3302],[-118.50512,34.3334],[-118.5054,34.33393],[-118.50583,34.33447],[-118.50663,34.33519],[-118.53402,34.31454],[-118.54631,34.31734],[-118.54552,34.31566],[-118.54711,34.31336],[-118.54573,34.31004],[-118.54368,34.30572],[-118.54431,34.30395],[-118.54335,34.30326],[-118.5426,34.30137],[-118.54157,34.30022],[-118.54083,34.29882],[-118.54671,34.29787],[-118.54982,34.29697],[-118.55405,34.29642],[-118.55445,34.29657],[-118.5548,34.29713],[-118.5574,34.29925],[-118.55978,34.2992],[-118.56211,34.2988],[-118.56356,34.29785],[-118.56448,34.29689],[-118.5661,34.29582],[-118.56872,34.29464],[-118.57016,34.29536],[-118.57017,34.29581],[-118.57103,34.29694],[-118.57159,34.29795],[-118.57177,34.29862],[-118.5851,34.30348],[-118.58812,34.30293],[-118.59267,34.28722],[-118.592,34.2823],[-118.59218,34.28236],[-118.59192,34.28063],[-118.59171,34.28024],[-118.59201,34.27919],[-118.59258,34.27804],[-118.59374,34.27719],[-118.59615,34.27462],[-118.60428,34.27762],[-118.60589,34.27791],[-118.60754,34.27785],[-118.62283,34.27572],[-118.62506,34.27521],[-118.62694,34.27448],[-118.62866,34.27351],[-118.63349,34.26967],[-118.63256,34.26343],[-118.63266,34.24839],[-118.63246,34.23858],[-118.62996,34.23859],[-118.63148,34.23702],[-118.64699,34.23809],[-118.64972,34.22712],[-118.65287,34.22712],[-118.65287,34.22756],[-118.6533,34.22756],[-118.6533,34.22711],[-118.65406,34.22711],[-118.65406,34.2235],[-118.6584,34.2235],[-118.65841,34.21642],[-118.65239,34.21642],[-118.65325,34.21295],[-118.66275,34.2129],[-118.66278,34.20935],[-118.66781,34.20933],[-118.66781,34.20453],[-118.66806,34.19498],[-118.65849,34.19497],[-118.65849,34.19677],[-118.65662,34.19676],[-118.65746,34.18992],[-118.65835,34.18954],[-118.65882,34.18943],[-118.65881,34.18934],[-118.65959,34.18925],[-118.66131,34.18946],[-118.66314,34.19003],[-118.66298,34.19039],[-118.66336,34.19051],[-118.66352,34.19015],[-118.66734,34.19135],[-118.66815,34.19134],[-118.66818,34.18494],[-118.66486,34.18393],[-118.66237,34.18402],[-118.65995,34.18376],[-118.65893,34.18393],[-118.65778,34.18444],[-118.65716,34.18463],[-118.65644,34.1847],[-118.65516,34.1846],[-118.65447,34.18463],[-118.64534,34.18648],[-118.64409,34.18664],[-118.63555,34.18642],[-118.61464,34.18646],[-118.61473,34.21953],[-118.60608,34.21966],[-118.60608,34.22093],[-118.60592,34.22093],[-118.60592,34.22582],[-118.60583,34.22638],[-118.60553,34.22699],[-118.60512,34.22749],[-118.60368,34.22843],[-118.60322,34.22887],[-118.6028,34.22957],[-118.60262,34.23029],[-118.60265,34.23088],[-118.60284,34.23149],[-118.603,34.23144],[-118.60375,34.23324],[-118.6051,34.23545],[-118.58338,34.23546],[-118.58268,34.23525],[-118.58216,34.2348],[-118.58194,34.23429],[-118.58192,34.23312],[-118.58182,34.23272],[-118.58142,34.23223],[-118.58081,34.23192],[-118.5803,34.23184],[-118.57106,34.23185],[-118.57106,34.22822],[-118.56231,34.22823],[-118.56231,34.22034],[-118.51862,34.22099],[-118.51861,34.20841],[-118.50988,34.20842],[-118.50989,34.22111],[-118.50149,34.22122],[-118.50086,34.22115],[-118.49894,34.2207],[-118.49911,34.22158],[-118.49432,34.22063],[-118.49344,34.2211],[-118.49256,34.22128],[-118.47311,34.22139]]]}},{"type":"Feature","properties":{"district":13,"member":"Hugo Soto-Martinez"},"geometry":{"type":"Polygon","coordinates":[[[-118.2756,34.15322],[-118.27934,34.15321],[-118.27881,34.14918],[-118.27862,34.14824],[-118.27271,34.12763],[-118.27034,34.12169],[-118.26826,34.11741],[-118.26703,34.11551],[-118.26539,34.11371],[-118.26607,34.11281],[-118.26641,34.11264],[-118.26279,34.11016],[-118.25586,34.10657],[-118.25726,34.10541],[-118.25921,34.10448],[-118.25923,34.10073],[-118.26015,34.10069],[-118.26092,34.10037],[-118.26602,34.09563],[-118.2664,34.09591],[-118.26655,34.09632],[-118.26656,34.10525],[-118.26813,34.10525],[-118.26876,34.10692],[-118.26928,34.10732],[-118.27013,34.10756],[-118.27033,34.10745],[-118.27041,34.10682],[-118.27071,34.10638],[-118.27131,34.10598],[-118.27192,34.10593],[-118.2726,34.09976],[-118.2729,34.09878],[-118.27359,34.09781],[-118.27603,34.09566],[-118.27657,34.09578],[-118.28414,34.09582],[-118.28608,34.09749],[-118.29215,34.10148],[-118.29279,34.10174],[-118.30055,34.10176],[-118.30055,34.10226],[-118.30186,34.10221],[-118.30185,34.10209],[-118.30276,34.10209],[-118.30276,34.10216],[-118.30341,34.10214],[-118.30361,34.1025],[-118.30427,34.1025],[-118.30427,34.10244],[-118.30461,34.10244],[-118.3046,34.10211],[-118.30493,34.10211],[-118.30494,34.10249],[-118.30663,34.10245],[-118.30663,34.10227],[-118.30755,34.10218],[-118.3075,34.10265],[-118.30928,34.10264],[-118.30929,34.10539],[-118.31328,34.10538],[-118.31504,34.10527],[-118.32644,34.1052],[-118.32793,34.10546],[-118.32932,34.10526],[-118.33748,34.10518],[-118.33753,34.10486],[-118.3377,34.10457],[-118.33838,34.10414],[-118.34428,34.10412],[-118.34521,34.10395],[-118.34588,34.10369],[-118.34413,34.09797],[-118.34521,34.09798],[-118.3452,34.09718],[-118.34575,34.09719],[-118.34575,34.09745],[-118.34596,34.09745],[-118.34596,34.09798],[-118.35101,34.09802],[-118.35092,34.10073],[-118.35137,34.10074],[-118.35137,34.10117],[-118.35189,34.10118],[-118.35188,34.10165],[-118.35953,34.1017],[-118.36014,34.10162],[-118.36136,34.10133],[-118.3643,34.10128],[-118.36429,34.09802],[-118.36448,34.09801],[-118.36447,34.09714],[-118.36166,34.09718],[-118.36165,34.09454],[-118.34339,34.09442],[-118.3434,34.0889],[-118.34407,34.0889],[-118.34406,34.0838],[-118.33923,34.08381],[-118.33913,34.0837],[-118.33843,34.08378],[-118.33574,34.08379],[-118.33574,34.0837],[-118.3347,34.08371],[-118.3347,34.08379],[-118.33323,34.0838],[-118.33306,34.0837],[-118.33097,34.0837],[-118.33097,34.08347],[-118.32661,34.08349],[-118.32662,34.08312],[-118.32652,34.08304],[-118.32672,34.08258],[-118.32661,34.08258],[-118.32661,34.08217],[-118.32698,34.08217],[-118.32703,34.08203],[-118.32661,34.08203],[-118.32654,34.0619],[-118.31789,34.0617],[-118.3142,34.0617],[-118.31405,34.06238],[-118.31404,34.06332],[-118.31317,34.06352],[-118.30973,34.06352],[-118.30975,34.06897],[-118.30975,34.06907],[-118.31025,34.06911],[-118.31026,34.07089],[-118.30976,34.07089],[-118.30976,34.07106],[-118.30969,34.07114],[-118.30973,34.07587],[-118.31017,34.07587],[-118.31017,34.07601],[-118.30973,34.07602],[-118.30973,34.07625],[-118.30916,34.07625],[-118.30918,34.07988],[-118.30855,34.07989],[-118.30852,34.07626],[-118.2917,34.07633],[-118.29167,34.06906],[-118.28583,34.06899],[-118.28325,34.06819],[-118.27933,34.06654],[-118.27797,34.06557],[-118.27511,34.06433],[-118.27484,34.06413],[-118.27434,34.06358],[-118.27392,34.0633],[-118.27268,34.06297],[-118.27031,34.06668],[-118.26562,34.06457],[-118.26593,34.06408],[-118.26428,34.06333],[-118.26376,34.06373],[-118.26065,34.06233],[-118.26058,34.0622],[-118.25944,34.06178],[-118.25966,34.06201],[-118.25989,34.06436],[-118.26087,34.06814],[-118.25896,34.06776],[-118.25805,34.06916],[-118.25959,34.06983],[-118.26002,34.07127],[-118.25965,34.07311],[-118.25735,34.07676],[-118.25278,34.07478],[-118.25231,34.0745],[-118.25207,34.07455],[-118.25174,34.0744],[-118.25174,34.07433],[-118.25024,34.07372],[-118.25002,34.07389],[-118.24975,34.07389],[-118.24915,34.07342],[-118.24896,34.07343],[-118.2495,34.07417],[-118.24984,34.07442],[-118.24985,34.07515],[-118.25025,34.07566],[-118.25064,34.07643],[-118.25063,34.07656],[-118.25047,34.07676],[-118.24995,34.07692],[-118.24994,34.07731],[-118.25026,34.07762],[-118.25066,34.07826],[-118.25108,34.07849],[-118.25116,34.07867],[-118.25044,34.07846],[-118.24951,34.07764],[-118.24892,34.07732],[-118.24897,34.07856],[-118.24861,34.07972],[-118.24803,34.08081],[-118.24756,34.0806],[-118.24738,34.08036],[-118.24402,34.07892],[-118.24324,34.08012],[-118.24251,34.08071],[-118.24266,34.08111],[-118.24204,34.08214],[-118.24196,34.0828],[-118.24134,34.08366],[-118.24134,34.08376],[-118.24181,34.08372],[-118.24289,34.08342],[-118.24339,34.08293],[-118.24403,34.08185],[-118.24498,34.08143],[-118.24524,34.08148],[-118.24524,34.08166],[-118.24491,34.08193],[-118.24489,34.08242],[-118.24414,34.08269],[-118.24432,34.0834],[-118.24406,34.08382],[-118.24408,34.08436],[-118.24375,34.08463],[-118.24366,34.08526],[-118.2433,34.08562],[-118.24293,34.08577],[-118.2429,34.08588],[-118.24309,34.08612],[-118.24122,34.08779],[-118.24049,34.08924],[-118.23822,34.08827],[-118.23765,34.08918],[-118.23654,34.0884],[-118.23226,34.08584],[-118.2292,34.08368],[-118.22798,34.08306],[-118.22782,34.08181],[-118.22738,34.08147],[-118.22838,34.08837],[-118.2288,34.08953],[-118.22944,34.09051],[-118.2309,34.09219],[-118.23158,34.09272],[-118.23226,34.09312],[-118.23378,34.09366],[-118.23618,34.09398],[-118.23717,34.09423],[-118.23836,34.09475],[-118.23938,34.09548],[-118.24012,34.09631],[-118.24192,34.09892],[-118.24223,34.09952],[-118.24241,34.10045],[-118.24233,34.10331],[-118.24238,34.10398],[-118.2427,34.10502],[-118.24324,34.10591],[-118.2442,34.10686],[-118.24543,34.10757],[-118.24801,34.10837],[-118.2495,34.10861],[-118.24923,34.1093],[-118.24887,34.10988],[-118.24831,34.1105],[-118.24783,34.1109],[-118.24271,34.11411],[-118.23955,34.11551],[-118.23492,34.11788],[-118.23503,34.11802],[-118.23239,34.11938],[-118.23167,34.11981],[-118.23067,34.12057],[-118.22968,34.12168],[-118.2291,34.1226],[-118.22868,34.12358],[-118.2284,34.1248],[-118.22836,34.12572],[-118.22845,34.12656],[-118.22963,34.13293],[-118.2297,34.13423],[-118.22958,34.13561],[-118.23372,34.1356],[-118.23373,34.13451],[-118.23629,34.1345],[-118.23662,34.13272],[-118.23603,34.12883],[-118.23532,34.12761],[-118.23525,34.12672],[-118.25288,34.1243],[-118.25328,34.12445],[-118.25365,34.12331],[-118.25115,34.12095],[-118.25427,34.11877],[-118.25708,34.12123],[-118.25884,34.12303],[-118.26073,34.12531],[-118.26236,34.12768],[-118.26348,34.12968],[-118.2756,34.15322]]]}},{"type":"Feature","properties":{"district":14,"member":"Ysabel J. Jurado"},"geometry":{"type":"Polygon","coordinates":[[[-118.23972,34.0148],[-118.22759,34.01493],[-118.22746,34.0152],[-118.22582,34.01524],[-118.22581,34.01494],[-118.2237,34.01494],[-118.22372,34.01537],[-118.22341,34.01537],[-118.22324,34.01495],[-118.21716,34.01497],[-118.21716,34.0155],[-118.21562,34.01498],[-118.21475,34.01498],[-118.21271,34.0143],[-118.21271,34.01499],[-118.20829,34.01501],[-118.20699,34.01275],[-118.20538,34.01277],[-118.20504,34.01263],[-118.20507,34.01452],[-118.20319,34.01404],[-118.20122,34.01372],[-118.19143,34.01286],[-118.19145,34.01509],[-118.19223,34.01508],[-118.19239,34.03338],[-118.19139,34.0334],[-118.19141,34.03442],[-118.19186,34.03442],[-118.19185,34.03401],[-118.1924,34.03401],[-118.19264,34.06177],[-118.18131,34.06176],[-118.18131,34.0623],[-118.17308,34.0623],[-118.17341,34.0621],[-118.17333,34.06199],[-118.17304,34.06213],[-118.17284,34.06184],[-118.17185,34.0623],[-118.16531,34.0623],[-118.165,34.06416],[-118.16453,34.06568],[-118.16245,34.06976],[-118.16281,34.06976],[-118.16232,34.07015],[-118.16172,34.0712],[-118.16168,34.07152],[-118.16176,34.07211],[-118.16157,34.07293],[-118.16177,34.07464],[-118.16051,34.07513],[-118.16067,34.0935],[-118.1562,34.09662],[-118.15579,34.0971],[-118.15554,34.09757],[-118.1554,34.09808],[-118.15537,34.09867],[-118.17801,34.0986],[-118.17801,34.11033],[-118.17725,34.11046],[-118.17746,34.1109],[-118.17703,34.111],[-118.1769,34.11206],[-118.177,34.1122],[-118.17564,34.11263],[-118.17548,34.11312],[-118.17383,34.11314],[-118.1725,34.11381],[-118.17134,34.11531],[-118.16888,34.11785],[-118.16885,34.11867],[-118.16901,34.11935],[-118.1689,34.11993],[-118.16795,34.12034],[-118.16748,34.12111],[-118.16805,34.12312],[-118.16807,34.12387],[-118.16802,34.12393],[-118.16847,34.12392],[-118.16827,34.12431],[-118.1676,34.12497],[-118.16579,34.12555],[-118.16596,34.12599],[-118.1662,34.12616],[-118.16646,34.12617],[-118.16723,34.12589],[-118.16833,34.1263],[-118.16905,34.12647],[-118.1698,34.12687],[-118.17046,34.12693],[-118.17071,34.12683],[-118.17136,34.12634],[-118.17221,34.12613],[-118.17242,34.12601],[-118.17255,34.12582],[-118.17282,34.12478],[-118.17684,34.12314],[-118.1768,34.12348],[-118.1769,34.12349],[-118.17653,34.12662],[-118.1778,34.12683],[-118.17769,34.12665],[-118.1786,34.12673],[-118.1802,34.12643],[-118.18091,34.12834],[-118.18145,34.1282],[-118.18135,34.1295],[-118.18259,34.12919],[-118.18285,34.12976],[-118.18283,34.13122],[-118.18611,34.13374],[-118.18554,34.13473],[-118.18522,34.13607],[-118.1859,34.13619],[-118.1859,34.13731],[-118.18554,34.13734],[-118.18554,34.13857],[-118.18541,34.13885],[-118.18569,34.13888],[-118.18526,34.13929],[-118.18469,34.13953],[-118.18396,34.13949],[-118.18325,34.13963],[-118.18253,34.14035],[-118.18189,34.1407],[-118.18128,34.14083],[-118.18053,34.1408],[-118.18044,34.14101],[-118.18077,34.1413],[-118.18092,34.14184],[-118.18125,34.14231],[-118.18212,34.14307],[-118.18206,34.14333],[-118.18232,34.14347],[-118.18231,34.14374],[-118.18457,34.14541],[-118.18422,34.14629],[-118.1838,34.14906],[-118.19821,34.14905],[-118.1982,34.15163],[-118.19893,34.15116],[-118.20271,34.15064],[-118.20359,34.1497],[-118.20424,34.14928],[-118.20544,34.14744],[-118.20774,34.14725],[-118.20879,34.14651],[-118.21098,34.14622],[-118.21163,34.14718],[-118.21321,34.14727],[-118.21622,34.14723],[-118.21681,34.14753],[-118.21919,34.14752],[-118.21945,34.14828],[-118.222,34.14886],[-118.22247,34.14926],[-118.22498,34.14937],[-118.22624,34.14979],[-118.22695,34.14861],[-118.22702,34.14763],[-118.22746,34.14776],[-118.22809,34.14672],[-118.22861,34.14689],[-118.2287,34.14674],[-118.22825,34.14645],[-118.22864,34.1458],[-118.22878,34.1459],[-118.2288,34.13908],[-118.22917,34.13908],[-118.22916,34.13808],[-118.22789,34.13809],[-118.22793,34.13561],[-118.22958,34.13561],[-118.2297,34.13423],[-118.22963,34.13293],[-118.22845,34.12656],[-118.22837,34.1252],[-118.2278,34.12494],[-118.2267,34.12371],[-118.22632,34.12357],[-118.22582,34.12359],[-118.22298,34.12499],[-118.22223,34.1252],[-118.22202,34.12509],[-118.22115,34.12428],[-118.2207,34.12413],[-118.22123,34.12375],[-118.22059,34.12363],[-118.22072,34.12332],[-118.21864,34.12292],[-118.21836,34.1232],[-118.2174,34.12301],[-118.21748,34.1227],[-118.21633,34.12248],[-118.21605,34.12275],[-118.21579,34.12271],[-118.21588,34.12238],[-118.21541,34.12229],[-118.21535,34.1225],[-118.21521,34.12248],[-118.21511,34.12246],[-118.21517,34.12224],[-118.21491,34.12219],[-118.21483,34.12248],[-118.21455,34.12245],[-118.21459,34.12213],[-118.21443,34.1221],[-118.21435,34.12237],[-118.2142,34.12234],[-118.21417,34.12245],[-118.21298,34.12215],[-118.21307,34.12184],[-118.21291,34.12181],[-118.21283,34.1221],[-118.21266,34.12207],[-118.21269,34.122],[-118.21232,34.12193],[-118.2121,34.122],[-118.19977,34.11965],[-118.19977,34.1196],[-118.19919,34.1196],[-118.19918,34.11927],[-118.1981,34.11905],[-118.19019,34.11769],[-118.18967,34.11795],[-118.18928,34.11739],[-118.18871,34.11767],[-118.1883,34.11709],[-118.18744,34.11751],[-118.18705,34.11696],[-118.18681,34.11707],[-118.18662,34.11685],[-118.18639,34.11697],[-118.18563,34.11619],[-118.1857,34.11616],[-118.18561,34.11604],[-118.18554,34.11608],[-118.18516,34.11565],[-118.18493,34.11584],[-118.18461,34.11549],[-118.18408,34.11525],[-118.18499,34.11505],[-118.18537,34.11532],[-118.18588,34.11483],[-118.18857,34.114],[-118.18863,34.1139],[-118.18842,34.11343],[-118.18941,34.11311],[-118.18844,34.11174],[-118.18912,34.1114],[-118.18759,34.10923],[-118.18692,34.10863],[-118.18618,34.10778],[-118.18716,34.1069],[-118.1912,34.10397],[-118.18935,34.10394],[-118.18937,34.10345],[-118.18928,34.10339],[-118.19094,34.10117],[-118.18976,34.10082],[-118.19072,34.09851],[-118.18947,34.09852],[-118.18999,34.09769],[-118.19033,34.09489],[-118.19091,34.09488],[-118.19069,34.09333],[-118.19051,34.09293],[-118.19118,34.0929],[-118.19115,34.09111],[-118.19292,34.09104],[-118.19286,34.08592],[-118.19581,34.08499],[-118.19759,34.08492],[-118.2002,34.08453],[-118.20055,34.08275],[-118.20295,34.08267],[-118.20289,34.08049],[-118.20408,34.08047],[-118.20405,34.07921],[-118.20547,34.07919],[-118.20544,34.07798],[-118.20592,34.07848],[-118.20714,34.07857],[-118.20742,34.07871],[-118.20767,34.07858],[-118.20729,34.07835],[-118.20689,34.07832],[-118.20672,34.07796],[-118.20607,34.07794],[-118.20602,34.07735],[-118.20652,34.07681],[-118.20734,34.07733],[-118.20786,34.07678],[-118.20785,34.07666],[-118.20915,34.07665],[-118.20909,34.07374],[-118.21173,34.0737],[-118.21153,34.06602],[-118.21893,34.06596],[-118.22185,34.06692],[-118.22453,34.06761],[-118.22672,34.06242],[-118.22692,34.06163],[-118.22625,34.05593],[-118.22709,34.05493],[-118.22958,34.05589],[-118.23195,34.05663],[-118.23178,34.05731],[-118.23198,34.05836],[-118.23224,34.05882],[-118.23293,34.05949],[-118.23238,34.06052],[-118.23314,34.06161],[-118.23421,34.06156],[-118.23525,34.06131],[-118.23785,34.05825],[-118.23955,34.05827],[-118.24116,34.05906],[-118.24211,34.05795],[-118.24312,34.05732],[-118.2452,34.05875],[-118.24634,34.05975],[-118.24696,34.06035],[-118.24892,34.06264],[-118.25402,34.05819],[-118.25554,34.0567],[-118.25708,34.05504],[-118.25845,34.05338],[-118.25936,34.05253],[-118.26422,34.04944],[-118.2687,34.04671],[-118.26594,34.04549],[-118.26393,34.04501],[-118.26803,34.04066],[-118.27056,34.03671],[-118.26948,34.03595],[-118.27083,34.03384],[-118.27033,34.03353],[-118.26469,34.031],[-118.25056,34.02444],[-118.24423,34.0209],[-118.24368,34.02071],[-118.24324,34.02069],[-118.23954,34.01998],[-118.23968,34.01755],[-118.23965,34.01529],[-118.23972,34.0148]]]}},{"type":"Feature","properties":{"district":15,"member":"Tim McOsker"},"geometry":{"type":"Polygon","coordinates":[[[-118.29168,33.9287],[-118.29169,33.92587],[-118.2916,33.92515],[-118.2917,33.89459],[-118.2918,33.89413],[-118.29064,33.86632],[-118.29169,33.86553],[-118.29808,33.86555],[-118.29807,33.86643],[-118.29452,33.86647],[-118.29437,33.87055],[-118.29916,33.87054],[-118.29933,33.8657],[-118.30926,33.8657],[-118.30926,33.85844],[-118.30887,33.81079],[-118.30836,33.809],[-118.30931,33.80881],[-118.30892,33.80745],[-118.30884,33.80672],[-118.3087,33.78961],[-118.30872,33.78222],[-118.30905,33.78222],[-118.30905,33.78195],[-118.30976,33.78195],[-118.30937,33.77919],[-118.30789,33.77957],[-118.30644,33.77496],[-118.30894,33.77497],[-118.30877,33.77351],[-118.3089,33.77237],[-118.31167,33.76288],[-118.30905,33.76257],[-118.30905,33.76052],[-118.30189,33.76052],[-118.30101,33.75773],[-118.3091,33.75773],[-118.30913,33.74939],[-118.30946,33.74679],[-118.31112,33.7468],[-118.31111,33.7473],[-118.31218,33.7473],[-118.31219,33.74681],[-118.31846,33.74685],[-118.31849,33.74262],[-118.31962,33.74264],[-118.3199,33.74216],[-118.32004,33.74145],[-118.31999,33.74121],[-118.31984,33.741],[-118.31907,33.74055],[-118.31891,33.74034],[-118.31885,33.73939],[-118.31897,33.73814],[-118.31883,33.73778],[-118.31851,33.73748],[-118.31852,33.73634],[-118.31894,33.7366],[-118.32006,33.73613],[-118.32,33.73584],[-118.32039,33.73578],[-118.32031,33.73545],[-118.31993,33.73551],[-118.31875,33.73519],[-118.31852,33.73526],[-118.31854,33.73199],[-118.31984,33.732],[-118.3199,33.73171],[-118.32009,33.73147],[-118.32093,33.73105],[-118.32101,33.73086],[-118.32102,33.7294],[-118.32848,33.72943],[-118.33305,33.7219],[-118.33206,33.72145],[-118.33121,33.72091],[-118.33082,33.7205],[-118.33048,33.72033],[-118.3297,33.72032],[-118.32921,33.72005],[-118.32729,33.71949],[-118.3256,33.71884],[-118.32509,33.71876],[-118.32374,33.71875],[-118.32303,33.71854],[-118.32232,33.71805],[-118.32209,33.71769],[-118.32208,33.7175],[-118.32275,33.71709],[-118.32279,33.71698],[-118.32267,33.71689],[-118.32254,33.71692],[-118.32216,33.7173],[-118.32187,33.71745],[-118.32112,33.71765],[-118.3206,33.71754],[-118.31994,33.71702],[-118.31977,33.71674],[-118.31974,33.71625],[-118.32002,33.71572],[-118.31997,33.71557],[-118.31947,33.71508],[-118.3193,33.71501],[-118.31887,33.71507],[-118.31839,33.71531],[-118.31789,33.71506],[-118.31773,33.71487],[-118.31758,33.71449],[-118.31755,33.71364],[-118.31721,33.71372],[-118.31693,33.71405],[-118.31595,33.7143],[-118.31498,33.71473],[-118.31439,33.71467],[-118.31366,33.71473],[-118.31276,33.71456],[-118.31169,33.71413],[-118.31112,33.7138],[-118.31028,33.71315],[-118.3096,33.71291],[-118.30877,33.7128],[-118.30749,33.71224],[-118.30658,33.71202],[-118.30533,33.71187],[-118.30456,33.71168],[-118.30353,33.71117],[-118.30299,33.71114],[-118.30262,33.71103],[-118.30158,33.71045],[-118.30074,33.71007],[-118.29922,33.70986],[-118.29801,33.70957],[-118.2962,33.70867],[-118.29553,33.70806],[-118.29525,33.7075],[-118.29522,33.7065],[-118.29508,33.70605],[-118.29517,33.70565],[-118.29487,33.70543],[-118.29466,33.70473],[-118.29446,33.70461],[-118.29352,33.70483],[-118.29179,33.70508],[-118.29135,33.70503],[-118.29108,33.70473],[-118.29093,33.70487],[-118.29069,33.70481],[-118.29036,33.70509],[-118.28849,33.70544],[-118.28789,33.7057],[-118.28691,33.70633],[-118.28609,33.7065],[-118.28586,33.70662],[-118.28558,33.70738],[-118.28515,33.7079],[-118.28515,33.70824],[-118.28483,33.70875],[-118.2839,33.70906],[-118.28289,33.70915],[-118.28124,33.70903],[-118.27913,33.70859],[-118.27812,33.70806],[-118.27753,33.70762],[-118.27734,33.70788],[-118.27711,33.70791],[-118.27189,33.70511],[-118.2719,33.70521],[-118.27723,33.70808],[-118.27709,33.70828],[-118.27393,33.70657],[-118.27389,33.70669],[-118.27535,33.70747],[-118.27529,33.70755],[-118.27561,33.70772],[-118.27569,33.70764],[-118.27723,33.70847],[-118.2773,33.70839],[-118.27721,33.70834],[-118.27735,33.70816],[-118.2797,33.7095],[-118.28069,33.70956],[-118.28105,33.70966],[-118.28167,33.70997],[-118.28277,33.71027],[-118.28298,33.71058],[-118.28313,33.7117],[-118.28301,33.71303],[-118.28388,33.7132],[-118.2839,33.71348],[-118.28447,33.71348],[-118.28459,33.71381],[-118.28453,33.7149],[-118.28369,33.71647],[-118.28334,33.71686],[-118.28257,33.71686],[-118.28184,33.71666],[-118.28164,33.7172],[-118.28119,33.7174],[-118.27987,33.71775],[-118.28018,33.71865],[-118.28174,33.71824],[-118.28277,33.7209],[-118.2812,33.72131],[-118.28154,33.72221],[-118.28311,33.72181],[-118.28395,33.72403],[-118.28386,33.72419],[-118.28012,33.72518],[-118.27983,33.72517],[-118.27864,33.72197],[-118.27705,33.72243],[-118.27686,33.72212],[-118.27639,33.7217],[-118.27557,33.71942],[-118.27657,33.71647],[-118.27656,33.71591],[-118.27631,33.71542],[-118.27645,33.71525],[-118.27399,33.71382],[-118.2729,33.71504],[-118.27269,33.71542],[-118.2729,33.71567],[-118.27316,33.71636],[-118.27288,33.71632],[-118.27656,33.72601],[-118.27611,33.72613],[-118.27616,33.72627],[-118.27546,33.72646],[-118.27292,33.71985],[-118.27113,33.72034],[-118.27249,33.72397],[-118.2722,33.72404],[-118.27241,33.72462],[-118.27273,33.72455],[-118.27351,33.72658],[-118.27335,33.72664],[-118.27383,33.72787],[-118.27782,33.73037],[-118.27864,33.73138],[-118.27866,33.73173],[-118.27436,33.72901],[-118.27419,33.72919],[-118.27441,33.72957],[-118.2747,33.72945],[-118.27479,33.7295],[-118.27474,33.7296],[-118.27578,33.73154],[-118.27559,33.73162],[-118.27587,33.73213],[-118.27609,33.73205],[-118.27624,33.73234],[-118.27612,33.73238],[-118.27634,33.73274],[-118.27641,33.73271],[-118.2767,33.73321],[-118.2768,33.73317],[-118.27715,33.73397],[-118.27722,33.73394],[-118.2775,33.73445],[-118.27758,33.73443],[-118.27809,33.73535],[-118.27805,33.73553],[-118.27858,33.73793],[-118.27872,33.73825],[-118.27866,33.73835],[-118.27851,33.73836],[-118.27851,33.73849],[-118.27829,33.7385],[-118.27829,33.73901],[-118.27856,33.73902],[-118.27857,33.74023],[-118.27808,33.74045],[-118.27716,33.74294],[-118.27491,33.74687],[-118.27842,33.74865],[-118.27842,33.74882],[-118.27777,33.74948],[-118.27449,33.74844],[-118.27417,33.74916],[-118.27421,33.74942],[-118.27386,33.74965],[-118.27379,33.75013],[-118.27426,33.75062],[-118.27404,33.75121],[-118.2738,33.75133],[-118.27726,33.75644],[-118.27759,33.75629],[-118.27785,33.75605],[-118.2777,33.75584],[-118.27895,33.75472],[-118.28144,33.75425],[-118.28166,33.75422],[-118.28199,33.75434],[-118.28349,33.75541],[-118.28424,33.7554],[-118.28492,33.75529],[-118.28845,33.75449],[-118.28879,33.75452],[-118.28951,33.75487],[-118.28936,33.75518],[-118.28875,33.75496],[-118.28868,33.75509],[-118.28796,33.75491],[-118.28437,33.75581],[-118.2832,33.75595],[-118.28275,33.75589],[-118.27986,33.7564],[-118.27822,33.75762],[-118.27849,33.75783],[-118.27768,33.75878],[-118.27749,33.75867],[-118.27558,33.7608],[-118.27988,33.76832],[-118.27858,33.76906],[-118.27844,33.76891],[-118.27832,33.76901],[-118.27688,33.7672],[-118.27707,33.7671],[-118.2769,33.76692],[-118.27742,33.76666],[-118.27737,33.76619],[-118.27063,33.76706],[-118.27404,33.75821],[-118.27365,33.7581],[-118.27379,33.75775],[-118.27413,33.75738],[-118.27422,33.75717],[-118.27277,33.75477],[-118.27203,33.75456],[-118.27209,33.7544],[-118.26969,33.75376],[-118.27008,33.75872],[-118.27017,33.75878],[-118.2661,33.76314],[-118.26577,33.76293],[-118.26546,33.76326],[-118.26532,33.76318],[-118.26564,33.76283],[-118.2655,33.76275],[-118.2659,33.7623],[-118.26554,33.76207],[-118.26601,33.76164],[-118.26566,33.7616],[-118.26566,33.76129],[-118.26614,33.76127],[-118.26632,33.76103],[-118.2666,33.76108],[-118.26755,33.76005],[-118.26814,33.75867],[-118.26763,33.75691],[-118.26753,33.75694],[-118.26745,33.75661],[-118.26756,33.75659],[-118.26756,33.75652],[-118.26736,33.75649],[-118.26747,33.75641],[-118.26797,33.75652],[-118.26771,33.75306],[-118.26722,33.7531],[-118.26362,33.75698],[-118.26342,33.75684],[-118.26108,33.75936],[-118.2614,33.76326],[-118.26386,33.76503],[-118.26378,33.76503],[-118.26382,33.76566],[-118.26348,33.76585],[-118.26354,33.7659],[-118.26315,33.76622],[-118.26314,33.76609],[-118.26258,33.76612],[-118.26258,33.76627],[-118.26082,33.76635],[-118.26065,33.76649],[-118.26054,33.76639],[-118.25981,33.76643],[-118.2598,33.76628],[-118.25997,33.76627],[-118.25957,33.76112],[-118.25949,33.76108],[-118.25847,33.76216],[-118.25861,33.76225],[-118.2586,33.76241],[-118.25653,33.76462],[-118.25635,33.76447],[-118.25576,33.76507],[-118.25592,33.76517],[-118.25567,33.76546],[-118.25559,33.7654],[-118.25541,33.76557],[-118.25532,33.76553],[-118.25067,33.77047],[-118.24961,33.77226],[-118.24979,33.77248],[-118.24971,33.77264],[-118.24937,33.77286],[-118.24937,33.77331],[-118.24825,33.7743],[-118.24755,33.77477],[-118.24662,33.77516],[-118.24268,33.7773],[-118.24199,33.77737],[-118.24145,33.7772],[-118.24123,33.77679],[-118.24144,33.7767],[-118.24153,33.77643],[-118.24397,33.77482],[-118.24667,33.77335],[-118.24747,33.77282],[-118.248,33.77203],[-118.2485,33.77184],[-118.24879,33.77192],[-118.24901,33.77179],[-118.24936,33.77084],[-118.24931,33.77064],[-118.2491,33.77043],[-118.24967,33.76949],[-118.2498,33.76949],[-118.24986,33.76939],[-118.24974,33.76918],[-118.25007,33.76881],[-118.25006,33.76847],[-118.24967,33.76811],[-118.2492,33.76857],[-118.24746,33.76642],[-118.24788,33.76613],[-118.24763,33.76587],[-118.2475,33.76553],[-118.24781,33.76534],[-118.25014,33.76733],[-118.25061,33.76764],[-118.25075,33.76756],[-118.25068,33.76735],[-118.25122,33.76685],[-118.25112,33.76678],[-118.25044,33.76697],[-118.25012,33.76671],[-118.24967,33.76588],[-118.24969,33.76562],[-118.25051,33.76528],[-118.25004,33.76431],[-118.24917,33.76453],[-118.24764,33.76508],[-118.2464,33.7654],[-118.24564,33.76575],[-118.24195,33.76658],[-118.24557,33.76385],[-118.25351,33.76104],[-118.25345,33.76087],[-118.2544,33.76044],[-118.25453,33.76071],[-118.25782,33.75953],[-118.26144,33.75567],[-118.2659,33.75164],[-118.27012,33.74845],[-118.27478,33.74071],[-118.27452,33.73591],[-118.27426,33.73597],[-118.27338,33.73443],[-118.27352,33.73432],[-118.27323,33.73378],[-118.27304,33.73389],[-118.27273,33.73331],[-118.27285,33.73326],[-118.27243,33.73256],[-118.27224,33.73264],[-118.27167,33.7362],[-118.27097,33.73608],[-118.27047,33.73531],[-118.27128,33.7303],[-118.27052,33.73049],[-118.27049,33.73041],[-118.26915,33.73076],[-118.26894,33.73012],[-118.27016,33.72979],[-118.27011,33.72966],[-118.2691,33.72992],[-118.26892,33.72929],[-118.26991,33.72905],[-118.26988,33.72896],[-118.2705,33.7288],[-118.27011,33.72775],[-118.26997,33.72778],[-118.26954,33.72657],[-118.26914,33.72668],[-118.26888,33.72605],[-118.26927,33.72594],[-118.26774,33.72183],[-118.2676,33.72178],[-118.2648,33.72255],[-118.26754,33.7298],[-118.26837,33.72959],[-118.26838,33.72978],[-118.26763,33.73004],[-118.2677,33.73023],[-118.2683,33.73018],[-118.26828,33.73299],[-118.26782,33.73344],[-118.26965,33.73596],[-118.27058,33.73632],[-118.27087,33.73667],[-118.26637,33.73856],[-118.26616,33.73838],[-118.26525,33.73676],[-118.26498,33.73655],[-118.26499,33.73608],[-118.26563,33.73535],[-118.26503,33.73499],[-118.26501,33.73459],[-118.26343,33.73462],[-118.26344,33.73251],[-118.2648,33.73107],[-118.26465,33.73098],[-118.26375,33.73094],[-118.26112,33.73171],[-118.26054,33.73143],[-118.26045,33.7312],[-118.24792,33.73486],[-118.24801,33.73507],[-118.24408,33.73621],[-118.24521,33.73892],[-118.25042,33.73741],[-118.25086,33.73739],[-118.25119,33.73747],[-118.25318,33.74233],[-118.25201,33.7446],[-118.25231,33.74467],[-118.25293,33.74455],[-118.2536,33.74473],[-118.25402,33.7452],[-118.25407,33.74542],[-118.25397,33.7459],[-118.25216,33.74907],[-118.25171,33.74966],[-118.25056,33.75074],[-118.25019,33.75027],[-118.24979,33.75001],[-118.24764,33.74906],[-118.24726,33.74876],[-118.24697,33.74837],[-118.24678,33.74792],[-118.24098,33.73364],[-118.24158,33.73347],[-118.24168,33.73375],[-118.25825,33.72888],[-118.2605,33.72411],[-118.26024,33.72403],[-118.2604,33.72362],[-118.25764,33.71683],[-118.24723,33.71527],[-118.24607,33.71562],[-118.2457,33.71606],[-118.25121,33.7236],[-118.23714,33.72768],[-118.24898,33.75591],[-118.24078,33.7583],[-118.24117,33.75855],[-118.24546,33.76389],[-118.22068,33.78254],[-118.22763,33.78996],[-118.22724,33.79096],[-118.22698,33.79087],[-118.22681,33.79215],[-118.22245,33.80416],[-118.22245,33.81246],[-118.22277,33.81273],[-118.22452,33.82157],[-118.22458,33.82157],[-118.22459,33.82439],[-118.22469,33.82439],[-118.22662,33.82949],[-118.22852,33.82438],[-118.22808,33.8242],[-118.2254,33.81101],[-118.22413,33.80799],[-118.22395,33.80709],[-118.22395,33.80622],[-118.22414,33.80532],[-118.22449,33.80451],[-118.22719,33.8001],[-118.22821,33.79739],[-118.22835,33.79667],[-118.22948,33.79363],[-118.23006,33.79255],[-118.23749,33.80049],[-118.25862,33.79944],[-118.25669,33.80477],[-118.26464,33.80456],[-118.2646,33.79913],[-118.283,33.79819],[-118.28292,33.79764],[-118.29911,33.79769],[-118.29906,33.8028],[-118.29965,33.80282],[-118.29963,33.80342],[-118.29903,33.8034],[-118.2985,33.81337],[-118.29927,33.81365],[-118.29909,33.81893],[-118.29911,33.84637],[-118.2862,33.84635],[-118.28621,33.85225],[-118.28529,33.85226],[-118.28527,33.85416],[-118.29066,33.85416],[-118.29067,33.85864],[-118.28595,33.86075],[-118.28595,33.86045],[-118.2856,33.86053],[-118.28544,33.86085],[-118.28545,33.86097],[-118.28148,33.86274],[-118.28158,33.87308],[-118.28212,33.87286],[-118.28312,33.89693],[-118.28228,33.8972],[-118.28223,33.91371],[-118.2821,33.92321],[-118.28197,33.92321],[-118.28195,33.9231],[-118.28146,33.92311],[-118.28141,33.9232],[-118.2784,33.92313],[-118.27804,33.92329],[-118.27806,33.92264],[-118.27765,33.92257],[-118.27734,33.92308],[-118.27734,33.92329],[-118.27324,33.92329],[-118.27324,33.92312],[-118.25361,33.9231],[-118.25356,33.92731],[-118.25383,33.92731],[-118.25382,33.92819],[-118.25378,33.92836],[-118.25354,33.92855],[-118.25422,33.9294],[-118.23916,33.92946],[-118.23896,33.92939],[-118.23025,33.92892],[-118.23084,33.93169],[-118.22866,33.93901],[-118.22949,33.94302],[-118.22744,33.94301],[-118.22861,33.94838],[-118.23394,33.94832],[-118.23391,33.95328],[-118.24421,33.95332],[-118.2442,33.95428],[-118.24746,33.95426],[-118.2475,33.95339],[-118.24895,33.95337],[-118.24911,33.94927],[-118.24904,33.94927],[-118.24915,33.94747],[-118.24919,33.94318],[-118.25365,33.94319],[-118.25365,33.94328],[-118.25412,33.94328],[-118.25418,33.93828],[-118.25869,33.9383],[-118.25869,33.93782],[-118.257,33.93774],[-118.25609,33.9374],[-118.25552,33.93697],[-118.25507,33.93652],[-118.25489,33.93607],[-118.25482,33.93525],[-118.2558,33.93518],[-118.25735,33.93485],[-118.26517,33.93231],[-118.26517,33.9325],[-118.26924,33.93119],[-118.27072,33.93104],[-118.28058,33.931],[-118.28083,33.92873],[-118.29168,33.9287]],[[-118.29911,33.84729],[-118.29913,33.85818],[-118.29706,33.85818],[-118.29705,33.84729],[-118.29911,33.84729]],[[-118.29952,33.74415],[-118.29802,33.74415],[-118.29802,33.74341],[-118.29684,33.74341],[-118.29687,33.7378],[-118.30916,33.73784],[-118.30913,33.74163],[-118.30415,33.74161],[-118.30416,33.73979],[-118.30242,33.73927],[-118.30219,33.73927],[-118.30218,33.7407],[-118.30301,33.7407],[-118.303,33.74161],[-118.30169,33.74161],[-118.30168,33.74342],[-118.29952,33.74341],[-118.29952,33.74415]]]}}]}